"","town_number","town_h","year","property_crimes","motor_thefts","drugs","assults","sexual_assult","robberies","spousal","town","total","town_type"
"1",472,"<U+05D0><U+05D1><U+05D5> <U+05D2><U+05D5><U+05E9>",2011,52,4,3,57,5,0,11,"ABU GHOSH",7907,"arab"
"2",472,"<U+05D0><U+05D1><U+05D5> <U+05D2><U+05D5><U+05E9>",2012,64,10,3,48,2,0,13,"ABU GHOSH",7907,"arab"
"3",472,"<U+05D0><U+05D1><U+05D5> <U+05D2><U+05D5><U+05E9>",2013,106,16,9,40,5,3,14,"ABU GHOSH",7907,"arab"
"4",473,"<U+05D0><U+05D1><U+05D5> <U+05E1><U+05E0><U+05D0><U+05DF>",2011,89,0,25,47,0,0,22,"ABU SINAN",13318,NA
"5",473,"<U+05D0><U+05D1><U+05D5> <U+05E1><U+05E0><U+05D0><U+05DF>",2012,57,3,25,59,0,2,16,"ABU SINAN",13318,NA
"6",473,"<U+05D0><U+05D1><U+05D5> <U+05E1><U+05E0><U+05D0><U+05DF>",2013,69,3,38,51,1,1,21,"ABU SINAN",13318,NA
"7",652,"<U+05D0><U+05D1><U+05D8><U+05DF>",2011,22,3,2,7,0,1,1,"IBTIN",2788,NA
"8",652,"<U+05D0><U+05D1><U+05D8><U+05DF>",2012,23,3,1,9,0,1,3,"IBTIN",2788,NA
"9",652,"<U+05D0><U+05D1><U+05D8><U+05DF>",2013,21,2,0,15,1,0,5,"IBTIN",2788,NA
"10",182,"<U+05D0><U+05D1><U+05DF> <U+05D9><U+05D4><U+05D5><U+05D3><U+05D4>",2011,454,79,7,40,6,0,18,"EVEN YEHUDA",14351,NA
"11",182,"<U+05D0><U+05D1><U+05DF> <U+05D9><U+05D4><U+05D5><U+05D3><U+05D4>",2012,263,38,7,50,5,2,31,"EVEN YEHUDA",14351,NA
"12",182,"<U+05D0><U+05D1><U+05DF> <U+05D9><U+05D4><U+05D5><U+05D3><U+05D4>",2013,265,26,12,45,9,1,27,"EVEN YEHUDA",14351,NA
"13",1358,"<U+05D0><U+05D5><U+05DD> <U+05D1><U+05D8><U+05D9><U+05DF>",2011,16,1,0,10,1,1,3,NA,3236,NA
"14",1358,"<U+05D0><U+05D5><U+05DD> <U+05D1><U+05D8><U+05D9><U+05DF>",2012,22,2,8,18,0,1,8,NA,3236,NA
"15",1358,"<U+05D0><U+05D5><U+05DD> <U+05D1><U+05D8><U+05D9><U+05DF>",2013,14,0,3,25,0,0,9,NA,3236,NA
"16",2400,"<U+05D0><U+05D5><U+05E8> <U+05D9><U+05D4><U+05D5><U+05D3><U+05D4>",2011,592,111,167,218,20,7,186,"OR YEHUDA",37464,"jewish"
"17",2400,"<U+05D0><U+05D5><U+05E8> <U+05D9><U+05D4><U+05D5><U+05D3><U+05D4>",2012,584,109,121,199,27,4,154,"OR YEHUDA",37464,"jewish"
"18",2400,"<U+05D0><U+05D5><U+05E8> <U+05D9><U+05D4><U+05D5><U+05D3><U+05D4>",2013,594,114,71,237,17,10,161,"OR YEHUDA",37464,"jewish"
"19",1020,"<U+05D0><U+05D5><U+05E8> <U+05E2><U+05E7><U+05D9><U+05D1><U+05D0>",2011,345,54,141,129,12,2,65,"OR AQIVA",20670,"jewish"
"20",1020,"<U+05D0><U+05D5><U+05E8> <U+05E2><U+05E7><U+05D9><U+05D1><U+05D0>",2012,392,36,114,109,10,4,69,"OR AQIVA",20670,"jewish"
"21",1020,"<U+05D0><U+05D5><U+05E8> <U+05E2><U+05E7><U+05D9><U+05D1><U+05D0>",2013,381,37,95,116,13,3,63,"OR AQIVA",20670,"jewish"
"22",565,"<U+05D0><U+05D6><U+05D5><U+05E8>",2011,224,38,18,41,8,4,34,"AZOR",13235,"jewish"
"23",565,"<U+05D0><U+05D6><U+05D5><U+05E8>",2012,207,47,37,45,4,5,26,"AZOR",13235,"jewish"
"24",565,"<U+05D0><U+05D6><U+05D5><U+05E8>",2013,191,48,21,54,6,3,51,"AZOR",13235,"jewish"
"25",2600,"<U+05D0><U+05D9><U+05DC><U+05EA>",2011,2065,80,543,639,105,54,366,"ELAT",66180,"jewish"
"26",2600,"<U+05D0><U+05D9><U+05DC><U+05EA>",2012,2123,71,396,715,73,33,422,"ELAT",66180,"jewish"
"27",2600,"<U+05D0><U+05D9><U+05DC><U+05EA>",2013,2088,68,544,922,109,48,523,"ELAT",66180,"jewish"
"28",478,"<U+05D0><U+05DB><U+05E1><U+05D0><U+05DC>",2011,87,14,7,46,0,0,18,"IKSAL",14560,"arab"
"29",478,"<U+05D0><U+05DB><U+05E1><U+05D0><U+05DC>",2012,74,11,7,48,2,1,11,"IKSAL",14560,"arab"
"30",478,"<U+05D0><U+05DB><U+05E1><U+05D0><U+05DC>",2013,109,18,7,64,0,8,15,"IKSAL",14560,"arab"
"31",1359,"<U+05D0><U+05DC> <U+05E1><U+05D9><U+05D9><U+05D3>",2011,8,0,1,8,0,0,3,NA,1303,NA
"32",1359,"<U+05D0><U+05DC> <U+05E1><U+05D9><U+05D9><U+05D3>",2012,11,0,2,9,1,0,2,NA,1303,NA
"33",1359,"<U+05D0><U+05DC> <U+05E1><U+05D9><U+05D9><U+05D3>",2013,14,1,0,16,0,0,2,NA,1303,NA
"34",3604,"<U+05D0><U+05DC><U+05D5><U+05DF> <U+05E9><U+05D1><U+05D5><U+05EA>",2011,23,1,7,5,1,0,6,"ALLON SHEVUT",3607,NA
"35",3604,"<U+05D0><U+05DC><U+05D5><U+05DF> <U+05E9><U+05D1><U+05D5><U+05EA>",2012,11,1,0,4,1,0,1,"ALLON SHEVUT",3607,NA
"36",3604,"<U+05D0><U+05DC><U+05D5><U+05DF> <U+05E9><U+05D1><U+05D5><U+05EA>",2013,11,3,2,1,1,0,3,"ALLON SHEVUT",3607,NA
"37",41,"<U+05D0><U+05DC><U+05D9><U+05DB><U+05D9><U+05DF>",2011,36,9,6,11,0,0,4,"ELYAKHIN",3754,NA
"38",41,"<U+05D0><U+05DC><U+05D9><U+05DB><U+05D9><U+05DF>",2012,30,2,3,8,0,0,5,"ELYAKHIN",3754,NA
"39",41,"<U+05D0><U+05DC><U+05D9><U+05DB><U+05D9><U+05DF>",2013,47,12,0,14,0,0,6,"ELYAKHIN",3754,NA
"40",1309,"<U+05D0><U+05DC><U+05E2><U+05D3>",2011,186,19,40,110,20,0,66,NA,46712,NA
"41",1309,"<U+05D0><U+05DC><U+05E2><U+05D3>",2012,212,23,26,110,26,0,64,NA,46712,NA
"42",1309,"<U+05D0><U+05DC><U+05E2><U+05D3>",2013,211,18,37,128,24,3,83,NA,46712,NA
"43",3750,"<U+05D0><U+05DC><U+05E4><U+05D9> <U+05DE><U+05E0><U+05E9><U+05D4>",2011,42,4,17,22,2,0,17,"ALFE MENASHE",8410,NA
"44",3750,"<U+05D0><U+05DC><U+05E4><U+05D9> <U+05DE><U+05E0><U+05E9><U+05D4>",2012,66,3,28,21,2,0,12,"ALFE MENASHE",8410,NA
"45",3750,"<U+05D0><U+05DC><U+05E4><U+05D9> <U+05DE><U+05E0><U+05E9><U+05D4>",2013,45,6,18,17,3,1,6,"ALFE MENASHE",8410,NA
"46",3560,"<U+05D0><U+05DC><U+05E7><U+05E0><U+05D4>",2011,27,1,0,4,0,0,1,"ELQANA",3949,NA
"47",3560,"<U+05D0><U+05DC><U+05E7><U+05E0><U+05D4>",2012,11,0,3,6,0,0,1,"ELQANA",3949,NA
"48",3560,"<U+05D0><U+05DC><U+05E7><U+05E0><U+05D4>",2013,21,1,2,4,3,0,4,"ELQANA",3949,NA
"49",2710,"<U+05D0><U+05DD> <U+05D0><U+05DC>-<U+05E4><U+05D7><U+05DD>",2011,289,26,124,121,6,4,31,"UMM AL-FAHM",55110,"arab"
"50",2710,"<U+05D0><U+05DD> <U+05D0><U+05DC>-<U+05E4><U+05D7><U+05DD>",2012,335,29,103,176,8,2,60,"UMM AL-FAHM",55110,"arab"
"51",2710,"<U+05D0><U+05DD> <U+05D0><U+05DC>-<U+05E4><U+05D7><U+05DD>",2013,379,24,119,221,7,6,102,"UMM AL-FAHM",55110,"arab"
"52",529,"<U+05D0><U+05E2><U+05D1><U+05DC><U+05D9><U+05DF>",2011,103,9,21,50,2,9,12,"I'BILLIN",13067,"arab"
"53",529,"<U+05D0><U+05E2><U+05D1><U+05DC><U+05D9><U+05DF>",2012,60,7,20,35,1,1,6,"I'BILLIN",13067,"arab"
"54",529,"<U+05D0><U+05E2><U+05D1><U+05DC><U+05D9><U+05DF>",2013,56,2,22,59,5,0,16,"I'BILLIN",13067,"arab"
"55",31,"<U+05D0><U+05E4><U+05E7><U+05D9><U+05DD>",2011,428,27,109,177,15,5,86,"OFAQIM",30844,"jewish"
"56",31,"<U+05D0><U+05E4><U+05E7><U+05D9><U+05DD>",2012,313,18,129,168,15,1,101,"OFAQIM",30844,"jewish"
"57",31,"<U+05D0><U+05E4><U+05E7><U+05D9><U+05DD>",2013,325,17,170,186,13,2,108,"OFAQIM",30844,"jewish"
"58",3650,"<U+05D0><U+05E4><U+05E8><U+05EA><U+05D4>",2011,39,1,12,15,5,0,13,"EFRAT",10733,NA
"59",3650,"<U+05D0><U+05E4><U+05E8><U+05EA><U+05D4>",2012,26,4,11,16,4,0,10,"EFRAT",10733,NA
"60",3650,"<U+05D0><U+05E4><U+05E8><U+05EA><U+05D4>",2013,27,3,8,13,1,1,14,"EFRAT",10733,NA
"61",3570,"<U+05D0><U+05E8><U+05D9><U+05D0><U+05DC>",2011,213,21,61,96,14,3,55,"ARI'EL",20297,"jewish"
"62",3570,"<U+05D0><U+05E8><U+05D9><U+05D0><U+05DC>",2012,199,55,80,92,14,1,58,"ARI'EL",20297,"jewish"
"63",3570,"<U+05D0><U+05E8><U+05D9><U+05D0><U+05DC>",2013,185,20,75,98,15,5,66,"ARI'EL",20297,"jewish"
"64",3760,"<U+05D0><U+05E8><U+05E0><U+05D9><U+05EA>",2011,55,6,69,16,2,0,6,"ORANIT",9279,NA
"65",3760,"<U+05D0><U+05E8><U+05E0><U+05D9><U+05EA>",2012,61,8,22,31,4,0,14,"ORANIT",9279,NA
"66",3760,"<U+05D0><U+05E8><U+05E0><U+05D9><U+05EA>",2013,72,18,26,27,2,0,15,"ORANIT",9279,NA
"67",70,"<U+05D0><U+05E9><U+05D3><U+05D5><U+05D3>",2011,3641,429,423,1171,139,101,757,"ASHDOD",251343,"jewish"
"68",70,"<U+05D0><U+05E9><U+05D3><U+05D5><U+05D3>",2012,3646,376,372,1220,135,95,733,"ASHDOD",251343,"jewish"
"69",70,"<U+05D0><U+05E9><U+05D3><U+05D5><U+05D3>",2013,3539,463,465,1344,138,79,863,"ASHDOD",251343,"jewish"
"70",7100,"<U+05D0><U+05E9><U+05E7><U+05DC><U+05D5><U+05DF>",2011,2412,279,376,724,60,53,392,"ASHQELON",151373,"jewish"
"71",7100,"<U+05D0><U+05E9><U+05E7><U+05DC><U+05D5><U+05DF>",2012,2561,276,418,763,99,64,445,"ASHQELON",151373,"jewish"
"72",7100,"<U+05D0><U+05E9><U+05E7><U+05DC><U+05D5><U+05DF>",2013,2715,265,404,908,78,84,512,"ASHQELON",151373,"jewish"
"73",6000,"<U+05D1><U+05D0><U+05E7><U+05D4> <U+05D2><U+05E8><U+05D1><U+05D9><U+05D4>",2011,275,35,82,137,8,14,54,NA,29197,"arab"
"74",6000,"<U+05D1><U+05D0><U+05E7><U+05D4> <U+05D2><U+05E8><U+05D1><U+05D9><U+05D4>",2012,240,18,80,140,7,8,63,NA,29197,"arab"
"75",6000,"<U+05D1><U+05D0><U+05E7><U+05D4> <U+05D2><U+05E8><U+05D1><U+05D9><U+05D4>",2013,213,25,76,151,11,4,61,NA,29197,"arab"
"76",2530,"<U+05D1><U+05D0><U+05E8> <U+05D9><U+05E2><U+05E7><U+05D1>",2011,465,97,35,87,12,4,40,"BE'ER YA'AQOV",23095,"jewish"
"77",2530,"<U+05D1><U+05D0><U+05E8> <U+05D9><U+05E2><U+05E7><U+05D1>",2012,350,90,32,95,14,6,48,"BE'ER YA'AQOV",23095,"jewish"
"78",2530,"<U+05D1><U+05D0><U+05E8> <U+05D9><U+05E2><U+05E7><U+05D1>",2013,360,65,40,84,16,4,65,"BE'ER YA'AQOV",23095,"jewish"
"79",9000,"<U+05D1><U+05D0><U+05E8> <U+05E9><U+05D1><U+05E2>",2011,5682,835,724,1534,158,157,814,"BE'ER SHEVA",219798,"jewish"
"80",9000,"<U+05D1><U+05D0><U+05E8> <U+05E9><U+05D1><U+05E2>",2012,5748,722,768,1641,202,149,920,"BE'ER SHEVA",219798,"jewish"
"81",9000,"<U+05D1><U+05D0><U+05E8> <U+05E9><U+05D1><U+05E2>",2013,5661,636,809,1763,254,141,1054,"BE'ER SHEVA",219798,"jewish"
"82",1348,"<U+05D1><U+05D9><U+05E8> <U+05D4><U+05D3><U+05D0><U+05D2>'",2011,14,2,10,4,0,0,0,NA,2099,NA
"83",1348,"<U+05D1><U+05D9><U+05E8> <U+05D4><U+05D3><U+05D0><U+05D2>'",2012,35,0,16,9,0,0,0,NA,2099,NA
"84",1348,"<U+05D1><U+05D9><U+05E8> <U+05D4><U+05D3><U+05D0><U+05D2>'",2013,20,2,11,21,1,0,2,NA,2099,NA
"85",998,"<U+05D1><U+05D9><U+05E8> <U+05DE><U+05DB><U+05E1><U+05D5><U+05E8>",2011,29,5,4,42,0,0,9,"BIR EL-MAKSUR",9816,"arab"
"86",998,"<U+05D1><U+05D9><U+05E8> <U+05DE><U+05DB><U+05E1><U+05D5><U+05E8>",2012,31,2,0,45,0,0,6,"BIR EL-MAKSUR",9816,"arab"
"87",998,"<U+05D1><U+05D9><U+05E8> <U+05DE><U+05DB><U+05E1><U+05D5><U+05E8>",2013,27,6,3,35,2,1,8,"BIR EL-MAKSUR",9816,"arab"
"88",3574,"<U+05D1><U+05D9><U+05EA> <U+05D0><U+05DC>",2011,35,4,2,22,1,0,7,"BET EL",6096,NA
"89",3574,"<U+05D1><U+05D9><U+05EA> <U+05D0><U+05DC>",2012,55,3,13,22,2,0,9,"BET EL",6096,NA
"90",3574,"<U+05D1><U+05D9><U+05EA> <U+05D0><U+05DC>",2013,41,1,11,20,6,0,4,"BET EL",6096,NA
"91",3652,"<U+05D1><U+05D9><U+05EA> <U+05D0><U+05E8><U+05D9><U+05D4>",2011,34,3,8,9,1,1,12,"BET ARYE",5172,NA
"92",3652,"<U+05D1><U+05D9><U+05EA> <U+05D0><U+05E8><U+05D9><U+05D4>",2012,46,3,13,13,1,0,11,"BET ARYE",5172,NA
"93",3652,"<U+05D1><U+05D9><U+05EA> <U+05D0><U+05E8><U+05D9><U+05D4>",2013,24,1,8,10,2,0,8,"BET ARYE",5172,NA
"94",480,"<U+05D1><U+05D9><U+05EA> <U+05D2><U+05DF>",2011,53,1,7,36,0,0,23,"BEIT JANN",12014,"arab"
"95",480,"<U+05D1><U+05D9><U+05EA> <U+05D2><U+05DF>",2012,51,2,25,28,3,0,13,"BEIT JANN",12014,"arab"
"96",480,"<U+05D1><U+05D9><U+05EA> <U+05D2><U+05DF>",2013,33,1,10,26,0,0,6,"BEIT JANN",12014,"arab"
"97",466,"<U+05D1><U+05D9><U+05EA> <U+05D3><U+05D2><U+05DF>",2011,111,33,7,27,2,1,17,"BET DAGAN",7001,NA
"98",466,"<U+05D1><U+05D9><U+05EA> <U+05D3><U+05D2><U+05DF>",2012,99,19,19,27,3,1,11,"BET DAGAN",7001,NA
"99",466,"<U+05D1><U+05D9><U+05EA> <U+05D3><U+05D2><U+05DF>",2013,112,20,6,36,3,1,20,"BET DAGAN",7001,NA
"100",9200,"<U+05D1><U+05D9><U+05EA> <U+05E9><U+05D0><U+05DF>",2011,258,13,88,184,20,1,77,"BET SHE'AN",19708,NA
"101",9200,"<U+05D1><U+05D9><U+05EA> <U+05E9><U+05D0><U+05DF>",2012,283,15,121,133,13,1,67,"BET SHE'AN",19708,NA
"102",9200,"<U+05D1><U+05D9><U+05EA> <U+05E9><U+05D0><U+05DF>",2013,269,4,97,169,22,0,90,"BET SHE'AN",19708,NA
"103",2610,"<U+05D1><U+05D9><U+05EA> <U+05E9><U+05DE><U+05E9>",2011,972,112,118,420,51,5,216,"BET SHEMESH",123139,"jewish"
"104",2610,"<U+05D1><U+05D9><U+05EA> <U+05E9><U+05DE><U+05E9>",2012,1200,180,97,445,78,11,234,"BET SHEMESH",123139,"jewish"
"105",2610,"<U+05D1><U+05D9><U+05EA> <U+05E9><U+05DE><U+05E9>",2013,752,73,139,448,76,11,254,"BET SHEMESH",123139,"jewish"
"106",3780,"<U+05D1><U+05D9><U+05EA><U+05E8> <U+05E2><U+05DC><U+05D9><U+05EA>",2011,142,17,16,84,22,0,58,"BETAR ILLIT",58215,NA
"107",3780,"<U+05D1><U+05D9><U+05EA><U+05E8> <U+05E2><U+05DC><U+05D9><U+05EA>",2012,130,16,34,86,35,0,31,"BETAR ILLIT",58215,NA
"108",3780,"<U+05D1><U+05D9><U+05EA><U+05E8> <U+05E2><U+05DC><U+05D9><U+05EA>",2013,145,21,31,86,28,2,39,"BETAR ILLIT",58215,NA
"109",6100,"<U+05D1><U+05E0><U+05D9> <U+05D1><U+05E8><U+05E7>",2011,1766,235,132,433,103,41,237,"BENE BERAQ",202278,"jewish"
"110",6100,"<U+05D1><U+05E0><U+05D9> <U+05D1><U+05E8><U+05E7>",2012,1625,227,180,457,108,28,184,"BENE BERAQ",202278,"jewish"
"111",6100,"<U+05D1><U+05E0><U+05D9> <U+05D1><U+05E8><U+05E7>",2013,1506,195,187,449,111,21,197,"BENE BERAQ",202278,"jewish"
"112",1066,"<U+05D1><U+05E0><U+05D9> <U+05E2><U+05D9>""<U+05E9>",2011,123,23,7,45,5,2,22,"BENE AYISH",7632,NA
"113",1066,"<U+05D1><U+05E0><U+05D9> <U+05E2><U+05D9>""<U+05E9>",2012,113,27,14,40,5,0,24,"BENE AYISH",7632,NA
"114",1066,"<U+05D1><U+05E0><U+05D9> <U+05E2><U+05D9>""<U+05E9>",2013,78,14,30,45,2,0,27,"BENE AYISH",7632,NA
"115",9800,"<U+05D1><U+05E0><U+05D9><U+05DE><U+05D9><U+05E0><U+05D4>",2011,271,39,68,28,10,3,17,"BINYAMINA",15532,"jewish"
"116",9800,"<U+05D1><U+05E0><U+05D9><U+05DE><U+05D9><U+05E0><U+05D4>",2012,250,29,32,34,4,4,13,"BINYAMINA",15532,"jewish"
"117",9800,"<U+05D1><U+05E0><U+05D9><U+05DE><U+05D9><U+05E0><U+05D4>",2013,341,67,17,37,5,1,19,"BINYAMINA",15532,"jewish"
"118",1326,"<U+05D1><U+05E1><U+05DE><U+05D4>",2011,34,0,4,17,0,0,6,"BASMA",10620,NA
"119",1326,"<U+05D1><U+05E1><U+05DE><U+05D4>",2012,30,3,6,19,0,0,5,"BASMA",10620,NA
"120",1326,"<U+05D1><U+05E1><U+05DE><U+05D4>",2013,35,1,2,15,0,0,4,"BASMA",10620,NA
"121",944,"<U+05D1><U+05E1><U+05DE><U+05EA> <U+05D8><U+05D1><U+05E2><U+05D5><U+05DF>",2011,61,5,3,28,3,4,9,"BASMAT TAB'UN",7889,"arab"
"122",944,"<U+05D1><U+05E1><U+05DE><U+05EA> <U+05D8><U+05D1><U+05E2><U+05D5><U+05DF>",2012,51,2,3,25,1,2,12,"BASMAT TAB'UN",7889,"arab"
"123",944,"<U+05D1><U+05E1><U+05DE><U+05EA> <U+05D8><U+05D1><U+05E2><U+05D5><U+05DF>",2013,57,1,8,30,0,2,8,"BASMAT TAB'UN",7889,"arab"
"124",482,"<U+05D1><U+05E2><U+05D9><U+05E0><U+05D4>-<U+05E0><U+05D2>'<U+05D9>",2011,28,2,6,46,2,0,13,"BU'EINE-NUJEIDAT",9884,NA
"125",482,"<U+05D1><U+05E2><U+05D9><U+05E0><U+05D4>-<U+05E0><U+05D2>'<U+05D9>",2012,42,0,1,56,5,0,18,"BU'EINE-NUJEIDAT",9884,NA
"126",482,"<U+05D1><U+05E2><U+05D9><U+05E0><U+05D4>-<U+05E0><U+05D2>'<U+05D9>",2013,27,0,5,48,2,0,24,"BU'EINE-NUJEIDAT",9884,NA
"127",4001,"<U+05D1><U+05E7><U+05E2><U+05EA><U+05D0>",2011,17,0,2,9,0,0,2,"BUQ'ATA",6581,NA
"128",4001,"<U+05D1><U+05E7><U+05E2><U+05EA><U+05D0>",2012,8,0,2,15,0,0,1,"BUQ'ATA",6581,NA
"129",4001,"<U+05D1><U+05E7><U+05E2><U+05EA><U+05D0>",2013,8,1,13,7,0,0,2,"BUQ'ATA",6581,NA
"130",1319,"<U+05D1><U+05EA> <U+05D7><U+05E4><U+05E8>",2011,34,1,1,10,2,0,12,"BAT HEFER",5784,NA
"131",1319,"<U+05D1><U+05EA> <U+05D7><U+05E4><U+05E8>",2012,27,2,36,15,1,0,12,"BAT HEFER",5784,NA
"132",1319,"<U+05D1><U+05EA> <U+05D7><U+05E4><U+05E8>",2013,20,3,3,16,2,0,11,"BAT HEFER",5784,NA
"133",6200,"<U+05D1><U+05EA> <U+05D9><U+05DD>",2011,3356,268,755,858,68,67,658,"BAT YAM",158421,"jewish"
"134",6200,"<U+05D1><U+05EA> <U+05D9><U+05DD>",2012,3186,303,741,805,91,85,651,"BAT YAM",158421,"jewish"
"135",6200,"<U+05D1><U+05EA> <U+05D9><U+05DD>",2013,3002,275,643,856,87,57,652,"BAT YAM",158421,"jewish"
"136",1292,"<U+05D2>'<U+05D3><U+05D9><U+05D3><U+05D4>-<U+05DE><U+05DB><U+05E8>",2011,181,6,281,90,1,3,37,"JUDEIDE-MAKER",20602,"arab"
"137",1292,"<U+05D2>'<U+05D3><U+05D9><U+05D3><U+05D4>-<U+05DE><U+05DB><U+05E8>",2012,176,5,192,100,2,1,48,"JUDEIDE-MAKER",20602,"arab"
"138",1292,"<U+05D2>'<U+05D3><U+05D9><U+05D3><U+05D4>-<U+05DE><U+05DB><U+05E8>",2013,167,0,156,97,3,11,36,"JUDEIDE-MAKER",20602,"arab"
"139",3763,"<U+05D2><U+05D1><U+05E2> <U+05D1><U+05E0><U+05D9><U+05DE><U+05D9><U+05DF>",2011,56,4,22,22,3,0,17,"GEVA BINYAMIN",5483,NA
"140",3763,"<U+05D2><U+05D1><U+05E2> <U+05D1><U+05E0><U+05D9><U+05DE><U+05D9><U+05DF>",2012,54,2,30,33,3,0,31,"GEVA BINYAMIN",5483,NA
"141",3763,"<U+05D2><U+05D1><U+05E2> <U+05D1><U+05E0><U+05D9><U+05DE><U+05D9><U+05DF>",2013,61,6,30,32,2,3,22,"GEVA BINYAMIN",5483,NA
"142",1293,"<U+05D2><U+05D1><U+05E2><U+05EA> <U+05D0><U+05D1><U+05E0><U+05D9>",2011,23,2,1,3,0,0,2,"GIV'AT AVNI",2184,NA
"143",1293,"<U+05D2><U+05D1><U+05E2><U+05EA> <U+05D0><U+05D1><U+05E0><U+05D9>",2012,29,0,5,3,1,0,2,"GIV'AT AVNI",2184,NA
"144",1293,"<U+05D2><U+05D1><U+05E2><U+05EA> <U+05D0><U+05D1><U+05E0><U+05D9>",2013,20,2,5,10,0,0,4,"GIV'AT AVNI",2184,NA
"145",147,"<U+05D2><U+05D1><U+05E2><U+05EA> <U+05D1><U+05E8><U+05E0><U+05E8>",2011,73,7,2,7,3,0,4,"GIV'AT BRENNER",2768,NA
"146",147,"<U+05D2><U+05D1><U+05E2><U+05EA> <U+05D1><U+05E8><U+05E0><U+05E8>",2012,90,15,5,6,1,0,1,"GIV'AT BRENNER",2768,NA
"147",147,"<U+05D2><U+05D1><U+05E2><U+05EA> <U+05D1><U+05E8><U+05E0><U+05E8>",2013,50,6,4,8,1,0,3,"GIV'AT BRENNER",2768,NA
"148",3730,"<U+05D2><U+05D1><U+05E2><U+05EA> <U+05D6><U+05D0><U+05D1>",2011,88,17,6,43,8,1,28,"GIV'AT ZE'EV",18651,NA
"149",3730,"<U+05D2><U+05D1><U+05E2><U+05EA> <U+05D6><U+05D0><U+05D1>",2012,102,29,3,47,4,0,32,"GIV'AT ZE'EV",18651,NA
"150",3730,"<U+05D2><U+05D1><U+05E2><U+05EA> <U+05D6><U+05D0><U+05D1>",2013,98,9,18,44,6,0,21,"GIV'AT ZE'EV",18651,NA
"151",681,"<U+05D2><U+05D1><U+05E2><U+05EA> <U+05E9><U+05DE><U+05D5><U+05D0><U+05DC>",2011,338,114,15,50,9,0,53,"GIV'AT SHEMU'EL",26407,NA
"152",681,"<U+05D2><U+05D1><U+05E2><U+05EA> <U+05E9><U+05DE><U+05D5><U+05D0><U+05DC>",2012,343,116,33,51,6,4,55,"GIV'AT SHEMU'EL",26407,NA
"153",681,"<U+05D2><U+05D1><U+05E2><U+05EA> <U+05E9><U+05DE><U+05D5><U+05D0><U+05DC>",2013,315,55,33,48,5,5,41,"GIV'AT SHEMU'EL",26407,NA
"154",6300,"<U+05D2><U+05D1><U+05E2><U+05EA><U+05D9><U+05DD>",2011,825,90,198,128,12,6,103,"GIV'ATAYIM",62312,"jewish"
"155",6300,"<U+05D2><U+05D1><U+05E2><U+05EA><U+05D9><U+05DD>",2012,809,81,105,139,16,7,110,"GIV'ATAYIM",62312,"jewish"
"156",6300,"<U+05D2><U+05D1><U+05E2><U+05EA><U+05D9><U+05DD>",2013,890,86,83,146,29,8,112,"GIV'ATAYIM",62312,"jewish"
"157",2550,"<U+05D2><U+05D3><U+05E8><U+05D4>",2011,442,59,23,68,8,4,47,"GEDERA",26227,"jewish"
"158",2550,"<U+05D2><U+05D3><U+05E8><U+05D4>",2012,410,59,35,89,11,3,54,"GEDERA",26227,"jewish"
"159",2550,"<U+05D2><U+05D3><U+05E8><U+05D4>",2013,351,41,45,74,19,3,69,"GEDERA",26227,"jewish"
"160",485,"<U+05D2><U+05D5><U+05DC><U+05E1>",2011,17,0,3,18,0,1,8,"JULIS",6347,NA
"161",485,"<U+05D2><U+05D5><U+05DC><U+05E1>",2012,26,1,11,24,2,0,8,"JULIS",6347,NA
"162",485,"<U+05D2><U+05D5><U+05DC><U+05E1>",2013,19,1,8,32,2,0,3,"JULIS",6347,NA
"163",487,"<U+05D2><U+05D5><U+05E9> <U+05D7><U+05DC><U+05D1>",2011,43,0,2,15,1,0,5,"JISH(GUSH HALAV)",3309,NA
"164",487,"<U+05D2><U+05D5><U+05E9> <U+05D7><U+05DC><U+05D1>",2012,45,1,4,12,1,1,3,"JISH(GUSH HALAV)",3309,NA
"165",487,"<U+05D2><U+05D5><U+05E9> <U+05D7><U+05DC><U+05D1>",2013,39,2,3,11,1,0,1,"JISH(GUSH HALAV)",3309,NA
"166",627,"<U+05D2><U+05DC><U+05D2><U+05D5><U+05DC><U+05D9><U+05D4>",2011,70,13,18,41,3,0,21,"JALJULYE",10318,NA
"167",627,"<U+05D2><U+05DC><U+05D2><U+05D5><U+05DC><U+05D9><U+05D4>",2012,86,16,11,31,2,1,19,"JALJULYE",10318,NA
"168",627,"<U+05D2><U+05DC><U+05D2><U+05D5><U+05DC><U+05D9><U+05D4>",2013,100,23,14,41,0,1,22,"JALJULYE",10318,NA
"169",166,"<U+05D2><U+05DF> <U+05D9><U+05D1><U+05E0><U+05D4>",2011,429,49,15,72,6,1,61,"GAN YAVNE",23952,NA
"170",166,"<U+05D2><U+05DF> <U+05D9><U+05D1><U+05E0><U+05D4>",2012,324,50,22,69,11,1,67,"GAN YAVNE",23952,NA
"171",166,"<U+05D2><U+05DF> <U+05D9><U+05D1><U+05E0><U+05D4>",2013,293,35,25,62,9,4,38,"GAN YAVNE",23952,NA
"172",1274,"<U+05D2><U+05DF> <U+05E0><U+05E8>",2011,24,0,0,3,0,0,3,"GAN NER",2905,NA
"173",1274,"<U+05D2><U+05DF> <U+05E0><U+05E8>",2012,9,0,5,3,0,0,1,"GAN NER",2905,NA
"174",1274,"<U+05D2><U+05DF> <U+05E0><U+05E8>",2013,13,0,0,5,0,0,8,"GAN NER",2905,NA
"175",229,"<U+05D2><U+05E0><U+05D9> <U+05EA><U+05E7><U+05D5><U+05D4>",2011,176,50,17,22,2,0,25,"GANNE TIQWA",19739,"jewish"
"176",229,"<U+05D2><U+05E0><U+05D9> <U+05EA><U+05E7><U+05D5><U+05D4>",2012,179,50,28,26,5,0,18,"GANNE TIQWA",19739,"jewish"
"177",229,"<U+05D2><U+05E0><U+05D9> <U+05EA><U+05E7><U+05D5><U+05D4>",2013,168,28,26,29,3,1,18,"GANNE TIQWA",19739,"jewish"
"178",541,"<U+05D2><U+05E1><U+05E8> <U+05D0>-<U+05D6><U+05E8><U+05E7><U+05D0>",2011,280,4,204,161,3,2,41,"JISR AZ-ZARQA",14757,"arab"
"179",541,"<U+05D2><U+05E1><U+05E8> <U+05D0>-<U+05D6><U+05E8><U+05E7><U+05D0>",2012,347,9,247,229,4,9,48,"JISR AZ-ZARQA",14757,"arab"
"180",541,"<U+05D2><U+05E1><U+05E8> <U+05D0>-<U+05D6><U+05E8><U+05E7><U+05D0>",2013,340,2,223,201,5,3,43,"JISR AZ-ZARQA",14757,"arab"
"181",494,"<U+05D3><U+05D0><U+05DC><U+05D9><U+05EA> <U+05D0><U+05DC>-<U+05DB>",2011,135,4,16,97,4,5,33,"DALIYAT AL-KARMEL",17274,NA
"182",494,"<U+05D3><U+05D0><U+05DC><U+05D9><U+05EA> <U+05D0><U+05DC>-<U+05DB>",2012,89,9,31,61,3,0,21,"DALIYAT AL-KARMEL",17274,NA
"183",494,"<U+05D3><U+05D0><U+05DC><U+05D9><U+05EA> <U+05D0><U+05DC>-<U+05DB>",2013,84,4,15,56,5,0,28,"DALIYAT AL-KARMEL",17274,NA
"184",489,"<U+05D3><U+05D1><U+05D5><U+05E8><U+05D9><U+05D4>",2011,115,16,5,30,3,9,12,"DABBURYE",10396,"arab"
"185",489,"<U+05D3><U+05D1><U+05D5><U+05E8><U+05D9><U+05D4>",2012,94,10,11,44,3,4,5,"DABBURYE",10396,"arab"
"186",489,"<U+05D3><U+05D1><U+05D5><U+05E8><U+05D9><U+05D4>",2013,82,5,7,45,2,4,11,"DABBURYE",10396,"arab"
"187",2200,"<U+05D3><U+05D9><U+05DE><U+05D5><U+05E0><U+05D4>",2011,562,61,118,226,29,12,130,"DIMONA",38610,"jewish"
"188",2200,"<U+05D3><U+05D9><U+05DE><U+05D5><U+05E0><U+05D4>",2012,661,26,111,261,31,13,166,"DIMONA",38610,"jewish"
"189",2200,"<U+05D3><U+05D9><U+05DE><U+05D5><U+05E0><U+05D4>",2013,811,50,174,329,53,15,182,"DIMONA",38610,"jewish"
"190",492,"<U+05D3><U+05D9><U+05E8> <U+05D7><U+05E0><U+05D0>",2011,44,3,20,38,0,0,17,"DEIR HANNA",10530,NA
"191",492,"<U+05D3><U+05D9><U+05E8> <U+05D7><U+05E0><U+05D0>",2012,50,2,18,61,4,1,20,"DEIR HANNA",10530,NA
"192",492,"<U+05D3><U+05D9><U+05E8> <U+05D7><U+05E0><U+05D0>",2013,44,1,29,54,1,1,14,"DEIR HANNA",10530,NA
"193",9700,"<U+05D4><U+05D5><U+05D3> <U+05D4><U+05E9><U+05E8><U+05D5><U+05DF>",2011,1170,254,46,188,19,4,138,"HOD HASHARON",63460,"jewish"
"194",9700,"<U+05D4><U+05D5><U+05D3> <U+05D4><U+05E9><U+05E8><U+05D5><U+05DF>",2012,1257,247,58,153,58,8,103,"HOD HASHARON",63460,"jewish"
"195",9700,"<U+05D4><U+05D5><U+05D3> <U+05D4><U+05E9><U+05E8><U+05D5><U+05DF>",2013,1179,211,71,148,29,8,107,"HOD HASHARON",63460,"jewish"
"196",3769,"<U+05D4><U+05E8> <U+05D0><U+05D3><U+05E8>",2011,15,0,0,8,1,0,1,"HAR ADAR",4352,NA
"197",3769,"<U+05D4><U+05E8> <U+05D0><U+05D3><U+05E8>",2012,14,0,2,6,1,0,4,"HAR ADAR",4352,NA
"198",3769,"<U+05D4><U+05E8> <U+05D0><U+05D3><U+05E8>",2013,16,0,0,6,0,0,5,"HAR ADAR",4352,NA
"199",6400,"<U+05D4><U+05E8><U+05E6><U+05DC><U+05D9><U+05D4>",2011,2034,209,349,328,46,13,196,"HERZELIYYA",105608,"jewish"
"200",6400,"<U+05D4><U+05E8><U+05E6><U+05DC><U+05D9><U+05D4>",2012,2378,199,368,361,38,13,220,"HERZELIYYA",105608,"jewish"
"201",6400,"<U+05D4><U+05E8><U+05E6><U+05DC><U+05D9><U+05D4>",2013,2138,156,318,343,51,13,191,"HERZELIYYA",105608,"jewish"
"202",9300,"<U+05D6><U+05DB><U+05E8><U+05D5><U+05DF> <U+05D9><U+05E2><U+05E7><U+05D1>",2011,401,53,91,59,14,0,40,"ZIKHRON YA'AQOV",24474,NA
"203",9300,"<U+05D6><U+05DB><U+05E8><U+05D5><U+05DF> <U+05D9><U+05E2><U+05E7><U+05D1>",2012,322,9,55,63,17,2,35,"ZIKHRON YA'AQOV",24474,NA
"204",9300,"<U+05D6><U+05DB><U+05E8><U+05D5><U+05DF> <U+05D9><U+05E2><U+05E7><U+05D1>",2013,360,29,60,84,18,3,28,"ZIKHRON YA'AQOV",24474,NA
"205",1290,"<U+05D6><U+05DE><U+05E8>",2011,49,10,2,22,2,2,11,"ZEMER",7071,NA
"206",1290,"<U+05D6><U+05DE><U+05E8>",2012,42,8,6,17,3,1,10,"ZEMER",7071,NA
"207",1290,"<U+05D6><U+05DE><U+05E8>",2013,47,4,11,17,2,1,8,"ZEMER",7071,NA
"208",975,"<U+05D6><U+05E8><U+05D6><U+05D9><U+05E8>",2011,106,12,4,50,3,1,11,"ZARZIR",8391,NA
"209",975,"<U+05D6><U+05E8><U+05D6><U+05D9><U+05E8>",2012,88,11,2,40,5,2,12,"ZARZIR",8391,NA
"210",975,"<U+05D6><U+05E8><U+05D6><U+05D9><U+05E8>",2013,76,4,0,56,1,2,14,"ZARZIR",8391,NA
"211",6500,"<U+05D7><U+05D3><U+05E8><U+05D4>",2011,2534,298,432,559,69,38,244,"HADERA",101721,"jewish"
"212",6500,"<U+05D7><U+05D3><U+05E8><U+05D4>",2012,2298,247,411,575,78,33,258,"HADERA",101721,"jewish"
"213",6500,"<U+05D7><U+05D3><U+05E8><U+05D4>",2013,2186,253,369,658,73,13,316,"HADERA",101721,"jewish"
"214",6600,"<U+05D7><U+05D5><U+05DC><U+05D5><U+05DF>",2011,3760,422,475,835,76,50,666,"HOLON",210555,"jewish"
"215",6600,"<U+05D7><U+05D5><U+05DC><U+05D5><U+05DF>",2012,3396,409,373,799,82,71,641,"HOLON",210555,"jewish"
"216",6600,"<U+05D7><U+05D5><U+05DC><U+05D5><U+05DF>",2013,3602,445,399,890,95,54,640,"HOLON",210555,"jewish"
"217",1303,"<U+05D7><U+05D5><U+05E8><U+05D4>",2011,91,2,9,52,3,2,5,"HURA",16451,"arab"
"218",1303,"<U+05D7><U+05D5><U+05E8><U+05D4>",2012,69,4,3,57,1,3,15,"HURA",16451,"arab"
"219",1303,"<U+05D7><U+05D5><U+05E8><U+05D4>",2013,96,3,6,52,3,6,27,"HURA",16451,"arab"
"220",4000,"<U+05D7><U+05D9><U+05E4><U+05D4>",2011,9656,603,1495,2357,175,211,1121,"HAIFA",320469,"mixed"
"221",4000,"<U+05D7><U+05D9><U+05E4><U+05D4>",2012,9472,591,1393,2075,192,196,1067,"HAIFA",320469,"mixed"
"222",4000,"<U+05D7><U+05D9><U+05E4><U+05D4>",2013,8264,437,1275,2029,191,162,1062,"HAIFA",320469,"mixed"
"223",2034,"<U+05D7><U+05E6> <U+05D4><U+05D2><U+05DC><U+05D9><U+05DC><U+05D9><U+05EA>",2011,157,4,40,66,6,1,30,"HAZOR HAGELILIT",10251,"jewish"
"224",2034,"<U+05D7><U+05E6> <U+05D4><U+05D2><U+05DC><U+05D9><U+05DC><U+05D9><U+05EA>",2012,134,5,29,49,3,0,33,"HAZOR HAGELILIT",10251,"jewish"
"225",2034,"<U+05D7><U+05E6> <U+05D4><U+05D2><U+05DC><U+05D9><U+05DC><U+05D9><U+05EA>",2013,123,4,37,45,10,0,24,"HAZOR HAGELILIT",10251,"jewish"
"226",1247,"<U+05D7><U+05E8><U+05D9><U+05E9>",2011,72,5,25,26,0,0,13,"HARISH",4115,NA
"227",1247,"<U+05D7><U+05E8><U+05D9><U+05E9>",2012,31,6,3,12,2,0,6,"HARISH",4115,NA
"228",1247,"<U+05D7><U+05E8><U+05D9><U+05E9>",2013,17,2,4,3,1,0,3,"HARISH",4115,NA
"229",496,"<U+05D7><U+05E8><U+05E4><U+05D9><U+05E9>",2011,19,0,0,13,0,0,5,"HURFEISH",6468,NA
"230",496,"<U+05D7><U+05E8><U+05E4><U+05D9><U+05E9>",2012,15,0,1,10,0,0,5,"HURFEISH",6468,NA
"231",496,"<U+05D7><U+05E8><U+05E4><U+05D9><U+05E9>",2013,13,1,1,18,0,0,5,"HURFEISH",6468,NA
"232",3770,"<U+05D7><U+05E9><U+05DE><U+05D5><U+05E0><U+05D0><U+05D9><U+05DD>",2011,13,1,26,15,1,0,8,"HASHMONA'IM",3340,NA
"233",3770,"<U+05D7><U+05E9><U+05DE><U+05D5><U+05E0><U+05D0><U+05D9><U+05DD>",2012,14,0,7,7,1,0,4,"HASHMONA'IM",3340,NA
"234",3770,"<U+05D7><U+05E9><U+05DE><U+05D5><U+05E0><U+05D0><U+05D9><U+05DD>",2013,16,1,5,8,2,0,3,"HASHMONA'IM",3340,NA
"235",6700,"<U+05D8><U+05D1><U+05E8><U+05D9><U+05D4>",2011,1154,69,365,405,61,15,194,"TIBERIAS",48353,"jewish"
"236",6700,"<U+05D8><U+05D1><U+05E8><U+05D9><U+05D4>",2012,1316,79,479,407,69,13,200,"TIBERIAS",48353,"jewish"
"237",6700,"<U+05D8><U+05D1><U+05E8><U+05D9><U+05D4>",2013,1164,61,458,422,68,13,203,"TIBERIAS",48353,"jewish"
"238",962,"<U+05D8><U+05D5><U+05D1><U+05D4> <U+05D6><U+05E0><U+05D2><U+05E8><U+05D9>",2011,153,2,35,70,2,0,15,"TUBA-ZANGARIYYE",6686,NA
"239",962,"<U+05D8><U+05D5><U+05D1><U+05D4> <U+05D6><U+05E0><U+05D2><U+05E8><U+05D9>",2012,102,7,50,81,2,1,24,"TUBA-ZANGARIYYE",6686,NA
"240",962,"<U+05D8><U+05D5><U+05D1><U+05D4> <U+05D6><U+05E0><U+05D2><U+05E8><U+05D9>",2013,108,2,37,69,1,0,25,"TUBA-ZANGARIYYE",6686,NA
"241",2730,"<U+05D8><U+05D9><U+05D1><U+05D4>",2011,372,85,192,203,11,5,104,"TAYIBE",43349,"arab"
"242",2730,"<U+05D8><U+05D9><U+05D1><U+05D4>",2012,311,63,177,170,6,4,91,"TAYIBE",43349,"arab"
"243",2730,"<U+05D8><U+05D9><U+05D1><U+05D4>",2013,373,67,196,184,6,12,98,"TAYIBE",43349,"arab"
"244",2720,"<U+05D8><U+05D9><U+05E8><U+05D4>",2011,295,63,95,158,9,4,78,"TIRE",26407,"arab"
"245",2720,"<U+05D8><U+05D9><U+05E8><U+05D4>",2012,362,51,88,167,6,7,85,"TIRE",26407,"arab"
"246",2720,"<U+05D8><U+05D9><U+05E8><U+05D4>",2013,340,70,86,162,12,4,63,"TIRE",26407,"arab"
"247",2100,"<U+05D8><U+05D9><U+05E8><U+05EA> <U+05DB><U+05E8><U+05DE><U+05DC>",2011,451,21,266,190,15,5,127,"TIRAT KARMEL",23603,"jewish"
"248",2100,"<U+05D8><U+05D9><U+05E8><U+05EA> <U+05DB><U+05E8><U+05DE><U+05DC>",2012,393,9,158,173,9,6,114,"TIRAT KARMEL",23603,"jewish"
"249",2100,"<U+05D8><U+05D9><U+05E8><U+05EA> <U+05DB><U+05E8><U+05DE><U+05DC>",2013,336,10,196,194,12,1,117,"TIRAT KARMEL",23603,"jewish"
"250",3788,"<U+05D8><U+05DC><U+05DE><U+05D5><U+05DF>",2011,6,1,1,4,2,0,1,"TALMON",4498,NA
"251",3788,"<U+05D8><U+05DC><U+05DE><U+05D5><U+05DF>",2012,23,0,5,5,0,0,1,"TALMON",4498,NA
"252",3788,"<U+05D8><U+05DC><U+05DE><U+05D5><U+05DF>",2013,27,0,1,4,2,0,2,"TALMON",4498,NA
"253",8900,"<U+05D8><U+05DE><U+05E8><U+05D4>",2011,357,22,107,203,3,2,30,"TAMRA",33685,"arab"
"254",8900,"<U+05D8><U+05DE><U+05E8><U+05D4>",2012,324,18,101,220,4,5,51,"TAMRA",33685,"arab"
"255",8900,"<U+05D8><U+05DE><U+05E8><U+05D4>",2013,281,16,103,191,7,10,44,"TAMRA",33685,"arab"
"256",498,"<U+05D8><U+05E8><U+05E2><U+05D0><U+05DF>",2011,92,8,8,49,1,1,12,"TUR'AN",14205,NA
"257",498,"<U+05D8><U+05E8><U+05E2><U+05D0><U+05DF>",2012,79,2,9,61,0,0,16,"TUR'AN",14205,NA
"258",498,"<U+05D8><U+05E8><U+05E2><U+05D0><U+05DF>",2013,77,3,46,73,4,0,20,"TUR'AN",14205,NA
"259",1295,"<U+05D9><U+05D0><U+05E0><U+05D5><U+05D7>-<U+05D2>'<U+05EA>",2011,32,1,4,21,0,0,10,"YANUH-JAT",6569,NA
"260",1295,"<U+05D9><U+05D0><U+05E0><U+05D5><U+05D7>-<U+05D2>'<U+05EA>",2012,18,0,0,10,1,0,3,"YANUH-JAT",6569,NA
"261",1295,"<U+05D9><U+05D0><U+05E0><U+05D5><U+05D7>-<U+05D2>'<U+05EA>",2013,14,0,3,10,0,0,9,"YANUH-JAT",6569,NA
"262",46,"<U+05D9><U+05D1><U+05E0><U+05D0><U+05DC>",2011,75,9,73,17,2,1,11,"YAVNE'EL",4364,NA
"263",46,"<U+05D9><U+05D1><U+05E0><U+05D0><U+05DC>",2012,78,3,9,15,5,1,11,"YAVNE'EL",4364,NA
"264",46,"<U+05D9><U+05D1><U+05E0><U+05D0><U+05DC>",2013,58,4,48,21,0,0,11,"YAVNE'EL",4364,NA
"265",2660,"<U+05D9><U+05D1><U+05E0><U+05D4>",2011,733,91,53,157,20,6,119,"YAVNE",47756,"jewish"
"266",2660,"<U+05D9><U+05D1><U+05E0><U+05D4>",2012,791,91,69,152,72,4,120,"YAVNE",47756,"jewish"
"267",2660,"<U+05D9><U+05D1><U+05E0><U+05D4>",2013,667,112,80,170,18,8,132,"YAVNE",47756,"jewish"
"268",577,"<U+05D9><U+05D3> <U+05D1><U+05E0><U+05D9><U+05DE><U+05D9><U+05DF>",2011,33,5,1,4,0,0,1,"YAD BINYAMIN",4322,NA
"269",577,"<U+05D9><U+05D3> <U+05D1><U+05E0><U+05D9><U+05DE><U+05D9><U+05DF>",2012,66,9,0,3,0,0,1,"YAD BINYAMIN",4322,NA
"270",577,"<U+05D9><U+05D3> <U+05D1><U+05E0><U+05D9><U+05DE><U+05D9><U+05DF>",2013,30,2,0,1,0,0,1,"YAD BINYAMIN",4322,NA
"271",9400,"<U+05D9><U+05D4><U+05D5><U+05D3>",2011,471,72,71,122,14,1,88,"YEHUD-MONOSON",31703,NA
"272",9400,"<U+05D9><U+05D4><U+05D5><U+05D3>",2012,522,96,67,96,9,5,66,"YEHUD-MONOSON",31703,NA
"273",9400,"<U+05D9><U+05D4><U+05D5><U+05D3>",2013,485,87,57,103,17,5,70,"YEHUD-MONOSON",31703,NA
"274",499,"<U+05D9><U+05E4><U+05D9><U+05E2>",2011,97,7,29,65,1,1,15,"YAFI",19090,"arab"
"275",499,"<U+05D9><U+05E4><U+05D9><U+05E2>",2012,113,10,49,72,2,0,18,"YAFI",19090,"arab"
"276",499,"<U+05D9><U+05E4><U+05D9><U+05E2>",2013,95,9,74,67,3,2,13,"YAFI",19090,"arab"
"277",240,"<U+05D9><U+05E7><U+05E0><U+05E2><U+05DD> <U+05E2><U+05DC><U+05D9><U+05EA>",2011,288,20,68,91,11,1,40,"YOQNE'AM ILLIT",24674,NA
"278",240,"<U+05D9><U+05E7><U+05E0><U+05E2><U+05DD> <U+05E2><U+05DC><U+05D9><U+05EA>",2012,273,28,33,61,15,0,31,"YOQNE'AM ILLIT",24674,NA
"279",240,"<U+05D9><U+05E7><U+05E0><U+05E2><U+05DD> <U+05E2><U+05DC><U+05D9><U+05EA>",2013,302,22,59,90,10,4,43,"YOQNE'AM ILLIT",24674,NA
"280",831,"<U+05D9><U+05E8><U+05D5><U+05D7><U+05DD>",2011,177,16,51,34,3,0,22,"YEROHAM",10657,NA
"281",831,"<U+05D9><U+05E8><U+05D5><U+05D7><U+05DD>",2012,180,13,54,36,8,3,24,"YEROHAM",10657,NA
"282",831,"<U+05D9><U+05E8><U+05D5><U+05D7><U+05DD>",2013,123,8,25,44,6,0,27,"YEROHAM",10657,NA
"283",3000,"<U+05D9><U+05E8><U+05D5><U+05E9><U+05DC><U+05D9><U+05DD>",2011,12309,2921,2210,4583,493,179,1326,"JERUSALEM",975789,"mixed"
"284",3000,"<U+05D9><U+05E8><U+05D5><U+05E9><U+05DC><U+05D9><U+05DD>",2012,12451,2681,2061,4491,584,182,1287,"JERUSALEM",975789,"mixed"
"285",3000,"<U+05D9><U+05E8><U+05D5><U+05E9><U+05DC><U+05D9><U+05DD>",2013,13505,2478,1654,4991,566,242,1488,"JERUSALEM",975789,"mixed"
"286",502,"<U+05D9><U+05E8><U+05DB><U+05D0>",2011,45,1,48,46,2,1,17,"YIRKA",15604,NA
"287",502,"<U+05D9><U+05E8><U+05DB><U+05D0>",2012,72,3,38,50,1,1,14,"YIRKA",15604,NA
"288",502,"<U+05D9><U+05E8><U+05DB><U+05D0>",2013,70,2,39,53,5,0,12,"YIRKA",15604,NA
"289",3796,"<U+05DB> <U+05D4><U+05D0><U+05D5><U+05E8><U+05E0><U+05D9><U+05DD>",2011,7,0,0,3,0,0,1,"KEFAR HAORANIM",2505,NA
"290",3796,"<U+05DB> <U+05D4><U+05D0><U+05D5><U+05E8><U+05E0><U+05D9><U+05DD>",2012,11,0,1,3,0,0,3,"KEFAR HAORANIM",2505,NA
"291",3796,"<U+05DB> <U+05D4><U+05D0><U+05D5><U+05E8><U+05E0><U+05D9><U+05DD>",2013,5,0,0,4,0,0,5,"KEFAR HAORANIM",2505,NA
"292",504,"<U+05DB><U+05D0><U+05D1><U+05D5><U+05DC>",2011,62,3,43,53,0,4,10,"KABUL",11997,NA
"293",504,"<U+05DB><U+05D0><U+05D1><U+05D5><U+05DC>",2012,53,1,55,48,1,2,16,"KABUL",11997,NA
"294",504,"<U+05DB><U+05D0><U+05D1><U+05D5><U+05DC>",2013,62,5,18,37,3,1,13,"KABUL",11997,NA
"295",505,"<U+05DB><U+05D5><U+05DB><U+05D1>",2011,17,2,6,11,0,0,1,"KAOKAB ABU AL-HIJA",3827,"jewish"
"296",505,"<U+05DB><U+05D5><U+05DB><U+05D1>",2012,14,1,6,6,0,0,0,"KAOKAB ABU AL-HIJA",3827,"jewish"
"297",505,"<U+05DB><U+05D5><U+05DB><U+05D1>",2013,14,0,7,11,0,1,6,"KAOKAB ABU AL-HIJA",3827,"jewish"
"298",1224,"<U+05DB><U+05D5><U+05DB><U+05D1> <U+05D9><U+05D0><U+05D9><U+05E8>",2011,135,14,2,22,1,0,7,"KOKHAV YA'IR",10310,NA
"299",1224,"<U+05DB><U+05D5><U+05DB><U+05D1> <U+05D9><U+05D0><U+05D9><U+05E8>",2012,167,10,8,15,3,1,23,"KOKHAV YA'IR",10310,NA
"300",1224,"<U+05DB><U+05D5><U+05DB><U+05D1> <U+05D9><U+05D0><U+05D9><U+05E8>",2013,147,8,21,13,2,0,14,"KOKHAV YA'IR",10310,NA
"301",3779,"<U+05DB><U+05D5><U+05DB><U+05D1> <U+05D9><U+05E2><U+05E7><U+05D1>",2011,59,5,3,17,3,0,10,"KOKHAV YA'AQOV",8399,NA
"302",3779,"<U+05DB><U+05D5><U+05DB><U+05D1> <U+05D9><U+05E2><U+05E7><U+05D1>",2012,53,8,2,31,8,0,22,"KOKHAV YA'AQOV",8399,NA
"303",3779,"<U+05DB><U+05D5><U+05DB><U+05D1> <U+05D9><U+05E2><U+05E7><U+05D1>",2013,48,5,0,24,8,0,11,"KOKHAV YA'AQOV",8399,NA
"304",1059,"<U+05DB><U+05E1><U+05D9><U+05E4><U+05D4>",2011,54,3,3,25,1,0,5,"KUSEIFE",16409,NA
"305",1059,"<U+05DB><U+05E1><U+05D9><U+05E4><U+05D4>",2012,44,4,3,37,2,1,5,"KUSEIFE",16409,NA
"306",1059,"<U+05DB><U+05E1><U+05D9><U+05E4><U+05D4>",2013,48,4,0,55,2,0,16,"KUSEIFE",16409,NA
"307",1296,"<U+05DB><U+05E1><U+05E8><U+05D0>-<U+05E1><U+05DE><U+05D9><U+05E2>",2011,19,0,0,16,2,0,11,"KISRA-SUMEI",8633,NA
"308",1296,"<U+05DB><U+05E1><U+05E8><U+05D0>-<U+05E1><U+05DE><U+05D9><U+05E2>",2012,16,0,8,18,1,0,8,"KISRA-SUMEI",8633,NA
"309",1296,"<U+05DB><U+05E1><U+05E8><U+05D0>-<U+05E1><U+05DE><U+05D9><U+05E2>",2013,23,0,12,14,4,0,12,"KISRA-SUMEI",8633,NA
"310",978,"<U+05DB><U+05E2><U+05D1><U+05D9>-<U+05D8><U+05D1>-<U+05D7><U+05D2>",2011,48,1,1,24,1,1,5,"KA'ABIYYE-TABBASH-HA",5637,NA
"311",978,"<U+05DB><U+05E2><U+05D1><U+05D9>-<U+05D8><U+05D1>-<U+05D7><U+05D2>",2012,38,1,5,22,0,0,6,"KA'ABIYYE-TABBASH-HA",5637,NA
"312",978,"<U+05DB><U+05E2><U+05D1><U+05D9>-<U+05D8><U+05D1>-<U+05D7><U+05D2>",2013,31,3,2,31,1,0,7,"KA'ABIYYE-TABBASH-HA",5637,NA
"313",3638,"<U+05DB><U+05E4><U+05E8> <U+05D0><U+05D3><U+05DE><U+05D9><U+05DD>",2011,48,6,15,4,2,1,2,"KEFAR ADUMMIM",4368,NA
"314",3638,"<U+05DB><U+05E4><U+05E8> <U+05D0><U+05D3><U+05DE><U+05D9><U+05DD>",2012,67,5,68,13,1,1,7,"KEFAR ADUMMIM",4368,NA
"315",3638,"<U+05DB><U+05E4><U+05E8> <U+05D0><U+05D3><U+05DE><U+05D9><U+05DD>",2013,46,1,84,7,4,1,9,"KEFAR ADUMMIM",4368,NA
"316",633,"<U+05DB><U+05E4><U+05E8> <U+05D1><U+05E8><U+05D0>",2011,37,2,7,16,1,1,9,"KAFAR BARA",3749,"arab"
"317",633,"<U+05DB><U+05E4><U+05E8> <U+05D1><U+05E8><U+05D0>",2012,36,6,7,15,1,1,5,"KAFAR BARA",3749,"arab"
"318",633,"<U+05DB><U+05E4><U+05E8> <U+05D1><U+05E8><U+05D0>",2013,40,2,8,21,0,1,14,"KAFAR BARA",3749,"arab"
"319",1263,"<U+05DB><U+05E4><U+05E8> <U+05D5><U+05E8><U+05D3><U+05D9><U+05DD>",2011,92,0,17,14,3,0,4,"KEFAR WERADIM",6217,NA
"320",1263,"<U+05DB><U+05E4><U+05E8> <U+05D5><U+05E8><U+05D3><U+05D9><U+05DD>",2012,70,2,13,5,1,0,1,"KEFAR WERADIM",6217,NA
"321",1263,"<U+05DB><U+05E4><U+05E8> <U+05D5><U+05E8><U+05D3><U+05D9><U+05DD>",2013,63,2,17,11,1,0,9,"KEFAR WERADIM",6217,NA
"322",696,"<U+05DB><U+05E4><U+05E8> <U+05D7><U+05D1>""<U+05D3>",2011,43,1,0,12,4,0,4,"KEFAR HABAD",7508,NA
"323",696,"<U+05DB><U+05E4><U+05E8> <U+05D7><U+05D1>""<U+05D3>",2012,59,8,5,13,4,0,6,"KEFAR HABAD",7508,NA
"324",696,"<U+05DB><U+05E4><U+05E8> <U+05D7><U+05D1>""<U+05D3>",2013,39,4,1,11,4,1,2,"KEFAR HABAD",7508,NA
"325",507,"<U+05DB><U+05E4><U+05E8> <U+05D9><U+05D0><U+05E1><U+05D9><U+05E3>",2011,99,3,234,52,3,1,14,"KAFAR YASIF",10770,"arab"
"326",507,"<U+05DB><U+05E4><U+05E8> <U+05D9><U+05D0><U+05E1><U+05D9><U+05E3>",2012,56,5,95,61,2,2,22,"KAFAR YASIF",10770,"arab"
"327",507,"<U+05DB><U+05E4><U+05E8> <U+05D9><U+05D0><U+05E1><U+05D9><U+05E3>",2013,68,4,89,46,2,3,17,"KAFAR YASIF",10770,"arab"
"328",168,"<U+05DB><U+05E4><U+05E8> <U+05D9><U+05D5><U+05E0><U+05D4>",2011,401,83,45,74,6,2,39,"KEFAR YONA",22347,NA
"329",168,"<U+05DB><U+05E4><U+05E8> <U+05D9><U+05D5><U+05E0><U+05D4>",2012,370,78,43,104,11,0,79,"KEFAR YONA",22347,NA
"330",168,"<U+05DB><U+05E4><U+05E8> <U+05D9><U+05D5><U+05E0><U+05D4>",2013,368,77,58,80,10,4,83,"KEFAR YONA",22347,NA
"331",508,"<U+05DB><U+05E4><U+05E8> <U+05DB><U+05DE><U+05D0>",2011,5,0,0,5,1,0,1,"KAFAR KAMA",3407,NA
"332",508,"<U+05DB><U+05E4><U+05E8> <U+05DB><U+05DE><U+05D0>",2012,10,0,0,0,0,0,1,"KAFAR KAMA",3407,NA
"333",508,"<U+05DB><U+05E4><U+05E8> <U+05DB><U+05DE><U+05D0>",2013,10,0,0,8,0,0,3,"KAFAR KAMA",3407,NA
"334",509,"<U+05DB><U+05E4><U+05E8> <U+05DB><U+05E0><U+05D0>",2011,80,7,18,62,0,1,11,"KAFAR KANNA",22305,NA
"335",509,"<U+05DB><U+05E4><U+05E8> <U+05DB><U+05E0><U+05D0>",2012,79,4,44,88,4,1,20,"KAFAR KANNA",22305,NA
"336",509,"<U+05DB><U+05E4><U+05E8> <U+05DB><U+05E0><U+05D0>",2013,116,3,82,85,1,1,22,"KAFAR KANNA",22305,NA
"337",510,"<U+05DB><U+05E4><U+05E8> <U+05DE><U+05E0><U+05D3><U+05D0>",2011,88,3,85,62,3,1,19,"KAFAR MANDA",19674,"arab"
"338",510,"<U+05DB><U+05E4><U+05E8> <U+05DE><U+05E0><U+05D3><U+05D0>",2012,80,0,110,78,3,0,15,"KAFAR MANDA",19674,"arab"
"339",510,"<U+05DB><U+05E4><U+05E8> <U+05DE><U+05E0><U+05D3><U+05D0>",2013,97,5,125,75,5,3,25,"KAFAR MANDA",19674,"arab"
"340",512,"<U+05DB><U+05E4><U+05E8> <U+05DE><U+05E6><U+05E8>",2011,16,4,1,4,1,0,1,"KAFAR MISR",2739,NA
"341",512,"<U+05DB><U+05E4><U+05E8> <U+05DE><U+05E6><U+05E8>",2012,8,1,0,6,0,0,0,"KAFAR MISR",2739,NA
"342",512,"<U+05DB><U+05E4><U+05E8> <U+05DE><U+05E6><U+05E8>",2013,17,1,0,4,1,0,0,"KAFAR MISR",2739,NA
"343",6900,"<U+05DB><U+05E4><U+05E8> <U+05E1><U+05D1><U+05D0>",2011,2168,524,111,372,62,16,234,"KEFAR SAVA",108886,"jewish"
"344",6900,"<U+05DB><U+05E4><U+05E8> <U+05E1><U+05D1><U+05D0>",2012,2219,567,105,366,57,20,229,"KEFAR SAVA",108886,"jewish"
"345",6900,"<U+05DB><U+05E4><U+05E8> <U+05E1><U+05D1><U+05D0>",2013,2187,527,97,348,67,14,225,"KEFAR SAVA",108886,"jewish"
"346",634,"<U+05DB><U+05E4><U+05E8> <U+05E7><U+05D0><U+05E1><U+05DD>",2011,200,37,44,72,4,4,37,"KAFAR QASEM",23542,"arab"
"347",634,"<U+05DB><U+05E4><U+05E8> <U+05E7><U+05D0><U+05E1><U+05DD>",2012,207,53,53,84,2,7,35,"KAFAR QASEM",23542,"arab"
"348",634,"<U+05DB><U+05E4><U+05E8> <U+05E7><U+05D0><U+05E1><U+05DD>",2013,257,76,44,89,5,7,37,"KAFAR QASEM",23542,"arab"
"349",654,"<U+05DB><U+05E4><U+05E8> <U+05E7><U+05E8><U+05E2>",2011,209,30,112,109,3,3,24,"KAFAR QARA",18809,"arab"
"350",654,"<U+05DB><U+05E4><U+05E8> <U+05E7><U+05E8><U+05E2>",2012,201,24,94,106,6,4,35,"KAFAR QARA",18809,"arab"
"351",654,"<U+05DB><U+05E4><U+05E8> <U+05E7><U+05E8><U+05E2>",2013,200,22,111,93,6,1,29,"KAFAR QARA",18809,"arab"
"352",47,"<U+05DB><U+05E4><U+05E8> <U+05EA><U+05D1><U+05D5><U+05E8>",2011,50,6,24,6,0,0,7,"KEFAR TAVOR",4542,"jewish"
"353",47,"<U+05DB><U+05E4><U+05E8> <U+05EA><U+05D1><U+05D5><U+05E8>",2012,46,1,21,7,1,0,5,"KEFAR TAVOR",4542,"jewish"
"354",47,"<U+05DB><U+05E4><U+05E8> <U+05EA><U+05D1><U+05D5><U+05E8>",2013,46,5,2,9,2,0,4,"KEFAR TAVOR",4542,"jewish"
"355",1139,"<U+05DB><U+05E8><U+05DE><U+05D9><U+05D0><U+05DC>",2011,660,20,191,253,32,4,102,"KARMI'EL",53618,"jewish"
"356",1139,"<U+05DB><U+05E8><U+05DE><U+05D9><U+05D0><U+05DC>",2012,646,26,162,204,27,12,103,"KARMI'EL",53618,"jewish"
"357",1139,"<U+05DB><U+05E8><U+05DE><U+05D9><U+05D0><U+05DC>",2013,510,19,149,214,35,12,114,"KARMI'EL",53618,"jewish"
"358",1271,"<U+05DC><U+05D4><U+05D1><U+05D9><U+05DD>",2011,99,9,3,11,0,3,1,"LEHAVIM",6677,NA
"359",1271,"<U+05DC><U+05D4><U+05D1><U+05D9><U+05DD>",2012,127,15,7,13,1,1,5,"LEHAVIM",6677,NA
"360",1271,"<U+05DC><U+05D4><U+05D1><U+05D9><U+05DD>",2013,183,19,5,15,1,2,9,"LEHAVIM",6677,NA
"361",7000,"<U+05DC><U+05D5><U+05D3>",2011,2133,251,556,566,66,94,228,"LOD",81068,"mixed"
"362",7000,"<U+05DC><U+05D5><U+05D3>",2012,1962,263,441,572,60,66,276,"LOD",81068,"mixed"
"363",7000,"<U+05DC><U+05D5><U+05D3>",2013,2079,272,660,533,66,64,263,"LOD",81068,"mixed"
"364",1310,"<U+05DC><U+05E4><U+05D9><U+05D3>",2011,20,5,2,1,2,1,1,"LAPPID",2463,NA
"365",1310,"<U+05DC><U+05E4><U+05D9><U+05D3>",2012,14,3,2,1,0,0,2,"LAPPID",2463,NA
"366",1310,"<U+05DC><U+05E4><U+05D9><U+05D3>",2013,25,0,3,7,1,0,4,"LAPPID",2463,NA
"367",1060,"<U+05DC><U+05E7><U+05D9><U+05D4>",2011,68,5,8,20,0,1,5,"LAQYE",14366,"arab"
"368",1060,"<U+05DC><U+05E7><U+05D9><U+05D4>",2012,53,3,14,44,0,2,10,"LAQYE",14366,"arab"
"369",1060,"<U+05DC><U+05E7><U+05D9><U+05D4>",2013,63,7,14,42,1,1,9,"LAQYE",14366,"arab"
"370",1015,"<U+05DE><U+05D1><U+05E9><U+05E8><U+05EA> <U+05E6><U+05D9><U+05D5><U+05DF>",2011,355,64,44,80,13,0,58,"MEVASSERET ZIYYON",26237,NA
"371",1015,"<U+05DE><U+05D1><U+05E9><U+05E8><U+05EA> <U+05E6><U+05D9><U+05D5><U+05DF>",2012,383,78,58,85,20,4,62,"MEVASSERET ZIYYON",26237,NA
"372",1015,"<U+05DE><U+05D1><U+05E9><U+05E8><U+05EA> <U+05E6><U+05D9><U+05D5><U+05DF>",2013,433,89,50,118,11,4,64,"MEVASSERET ZIYYON",26237,NA
"373",516,"<U+05DE><U+05D2>'<U+05D3><U+05DC> <U+05DB><U+05E8><U+05D5><U+05DD>",2011,74,3,30,61,2,1,8,"MAJD AL-KURUM",15320,"arab"
"374",516,"<U+05DE><U+05D2>'<U+05D3><U+05DC> <U+05DB><U+05E8><U+05D5><U+05DD>",2012,79,3,19,90,0,0,23,"MAJD AL-KURUM",15320,"arab"
"375",516,"<U+05DE><U+05D2>'<U+05D3><U+05DC> <U+05DB><U+05E8><U+05D5><U+05DD>",2013,84,4,38,76,7,8,17,"MAJD AL-KURUM",15320,"arab"
"376",4201,"<U+05DE><U+05D2>'<U+05D3><U+05DC> <U+05E9><U+05DE><U+05E1>",2011,34,1,16,25,1,0,4,"MAJDAL SHAMS",11240,NA
"377",4201,"<U+05DE><U+05D2>'<U+05D3><U+05DC> <U+05E9><U+05DE><U+05E1>",2012,34,1,9,47,3,0,11,"MAJDAL SHAMS",11240,NA
"378",4201,"<U+05DE><U+05D2>'<U+05D3><U+05DC> <U+05E9><U+05DE><U+05E1>",2013,35,0,19,26,2,2,10,"MAJDAL SHAMS",11240,NA
"379",481,"<U+05DE><U+05D2><U+05D0><U+05E8>",2011,75,4,7,76,3,1,26,"MUGHAR",22680,"arab"
"380",481,"<U+05DE><U+05D2><U+05D0><U+05E8>",2012,105,1,2,78,4,0,30,"MUGHAR",22680,"arab"
"381",481,"<U+05DE><U+05D2><U+05D0><U+05E8>",2013,92,0,1,69,6,0,30,"MUGHAR",22680,"arab"
"382",874,"<U+05DE><U+05D2><U+05D3><U+05DC> <U+05D4><U+05E2><U+05DE><U+05E7>",2011,496,34,165,200,24,7,87,"MIGDAL HAEMEQ",29119,"jewish"
"383",874,"<U+05DE><U+05D2><U+05D3><U+05DC> <U+05D4><U+05E2><U+05DE><U+05E7>",2012,554,24,149,177,16,13,81,"MIGDAL HAEMEQ",29119,"jewish"
"384",874,"<U+05DE><U+05D2><U+05D3><U+05DC> <U+05D4><U+05E2><U+05DE><U+05E7>",2013,459,27,208,168,15,3,74,"MIGDAL HAEMEQ",29119,"jewish"
"385",1200,"<U+05DE><U+05D5><U+05D3><U+05D9><U+05E2><U+05D9><U+05DF>",2011,778,103,155,197,21,5,169,"MODI'IN-MAKKABBIM-RE",93447,NA
"386",1200,"<U+05DE><U+05D5><U+05D3><U+05D9><U+05E2><U+05D9><U+05DF>",2012,839,123,120,197,22,4,170,"MODI'IN-MAKKABBIM-RE",93447,NA
"387",1200,"<U+05DE><U+05D5><U+05D3><U+05D9><U+05E2><U+05D9><U+05DF>",2013,866,106,186,244,47,4,179,"MODI'IN-MAKKABBIM-RE",93447,NA
"388",3797,"<U+05DE><U+05D5><U+05D3><U+05D9><U+05E2><U+05D9><U+05DF>-<U+05E2><U+05DC>",2011,164,8,18,70,21,0,33,"MODI'IN ILLIT",72189,NA
"389",3797,"<U+05DE><U+05D5><U+05D3><U+05D9><U+05E2><U+05D9><U+05DF>-<U+05E2><U+05DC>",2012,178,13,19,70,21,1,30,"MODI'IN ILLIT",72189,NA
"390",3797,"<U+05DE><U+05D5><U+05D3><U+05D9><U+05E2><U+05D9><U+05DF>-<U+05E2><U+05DC>",2013,134,11,35,83,28,0,36,"MODI'IN ILLIT",72189,NA
"391",28,"<U+05DE><U+05D6><U+05DB><U+05E8><U+05EA> <U+05D1><U+05EA><U+05D9><U+05D4>",2011,153,25,2,21,2,2,19,"MAZKERET BATYA",15550,NA
"392",28,"<U+05DE><U+05D6><U+05DB><U+05E8><U+05EA> <U+05D1><U+05EA><U+05D9><U+05D4>",2012,116,21,9,26,1,3,20,"MAZKERET BATYA",15550,NA
"393",28,"<U+05DE><U+05D6><U+05DB><U+05E8><U+05EA> <U+05D1><U+05EA><U+05D9><U+05D4>",2013,128,26,18,22,2,4,11,"MAZKERET BATYA",15550,NA
"394",517,"<U+05DE><U+05D6><U+05E8><U+05E2><U+05D4>",2011,30,0,1,20,0,0,5,"MAZRA'A",3875,NA
"395",517,"<U+05DE><U+05D6><U+05E8><U+05E2><U+05D4>",2012,35,1,0,16,0,0,4,"MAZRA'A",3875,NA
"396",517,"<U+05DE><U+05D6><U+05E8><U+05E2><U+05D4>",2013,27,3,2,15,1,1,8,"MAZRA'A",3875,NA
"397",1268,"<U+05DE><U+05D9><U+05EA><U+05E8>",2011,58,1,2,15,2,1,8,"METAR",9303,NA
"398",1268,"<U+05DE><U+05D9><U+05EA><U+05E8>",2012,62,2,1,15,2,0,12,"METAR",9303,NA
"399",1268,"<U+05DE><U+05D9><U+05EA><U+05E8>",2013,63,5,2,17,2,0,6,"METAR",9303,NA
"400",4203,"<U+05DE><U+05E1><U+05E2><U+05D3><U+05D4>",2011,16,0,10,9,1,0,1,"MAS'ADE",4016,NA
"401",4203,"<U+05DE><U+05E1><U+05E2><U+05D3><U+05D4>",2012,15,0,5,15,1,0,2,"MAS'ADE",4016,NA
"402",4203,"<U+05DE><U+05E1><U+05E2><U+05D3><U+05D4>",2013,13,1,9,9,1,0,1,"MAS'ADE",4016,NA
"403",3616,"<U+05DE><U+05E2><U+05DC><U+05D4> <U+05D0><U+05D3><U+05DE><U+05D9><U+05DD>",2011,482,26,91,173,30,1,119,"MA'ALE ADUMMIM",41047,NA
"404",3616,"<U+05DE><U+05E2><U+05DC><U+05D4> <U+05D0><U+05D3><U+05DE><U+05D9><U+05DD>",2012,407,33,264,175,27,3,97,"MA'ALE ADUMMIM",41047,NA
"405",3616,"<U+05DE><U+05E2><U+05DC><U+05D4> <U+05D0><U+05D3><U+05DE><U+05D9><U+05DD>",2013,403,31,159,194,23,2,123,"MA'ALE ADUMMIM",41047,NA
"406",1327,"<U+05DE><U+05E2><U+05DC><U+05D4> <U+05E2><U+05D9><U+05E8><U+05D5><U+05DF>",2011,63,4,4,20,1,0,4,"MA'ALE IRON",14884,NA
"407",1327,"<U+05DE><U+05E2><U+05DC><U+05D4> <U+05E2><U+05D9><U+05E8><U+05D5><U+05DF>",2012,58,3,5,49,0,0,11,"MA'ALE IRON",14884,NA
"408",1327,"<U+05DE><U+05E2><U+05DC><U+05D4> <U+05E2><U+05D9><U+05E8><U+05D5><U+05DF>",2013,59,2,3,33,3,2,14,"MA'ALE IRON",14884,NA
"409",1063,"<U+05DE><U+05E2><U+05DC><U+05D5><U+05EA> <U+05EA><U+05E8><U+05E9><U+05D7>",2011,300,3,195,112,10,6,39,"MA'ALOT-TARSHIHA",24325,NA
"410",1063,"<U+05DE><U+05E2><U+05DC><U+05D5><U+05EA> <U+05EA><U+05E8><U+05E9><U+05D7>",2012,278,3,114,104,8,2,57,"MA'ALOT-TARSHIHA",24325,NA
"411",1063,"<U+05DE><U+05E2><U+05DC><U+05D5><U+05EA> <U+05EA><U+05E8><U+05E9><U+05D7>",2013,268,4,124,132,14,2,57,"MA'ALOT-TARSHIHA",24325,NA
"412",518,"<U+05DE><U+05E2><U+05DC><U+05D9><U+05D0>",2011,35,0,5,8,0,1,3,"MI'ELYA",3330,NA
"413",518,"<U+05DE><U+05E2><U+05DC><U+05D9><U+05D0>",2012,23,0,18,16,0,0,4,"MI'ELYA",3330,NA
"414",518,"<U+05DE><U+05E2><U+05DC><U+05D9><U+05D0>",2013,24,1,25,17,0,1,7,"MI'ELYA",3330,NA
"415",99,"<U+05DE><U+05E6><U+05E4><U+05D4> <U+05E8><U+05DE><U+05D5><U+05DF>",2011,140,17,14,35,8,1,9,"MIZPE RAMON",5630,"jewish"
"416",99,"<U+05DE><U+05E6><U+05E4><U+05D4> <U+05E8><U+05DE><U+05D5><U+05DF>",2012,101,12,31,30,3,0,14,"MIZPE RAMON",5630,"jewish"
"417",99,"<U+05DE><U+05E6><U+05E4><U+05D4> <U+05E8><U+05DE><U+05D5><U+05DF>",2013,116,17,11,27,2,0,15,"MIZPE RAMON",5630,"jewish"
"418",635,"<U+05DE><U+05E7><U+05D9><U+05D1><U+05DC><U+05D4>",2011,20,1,5,17,0,0,2,"MUQEIBLE",4126,NA
"419",635,"<U+05DE><U+05E7><U+05D9><U+05D1><U+05DC><U+05D4>",2012,12,0,2,17,0,0,1,"MUQEIBLE",4126,NA
"420",635,"<U+05DE><U+05E7><U+05D9><U+05D1><U+05DC><U+05D4>",2013,24,2,3,18,1,1,2,"MUQEIBLE",4126,NA
"421",1098,"<U+05DE><U+05E8><U+05DB><U+05D6> <U+05E9><U+05E4><U+05D9><U+05E8><U+05D0>",2011,48,9,0,0,1,0,0,"MERKAZ SHAPPIRA",2156,"jewish"
"422",1098,"<U+05DE><U+05E8><U+05DB><U+05D6> <U+05E9><U+05E4><U+05D9><U+05E8><U+05D0>",2012,13,1,0,0,0,0,0,"MERKAZ SHAPPIRA",2156,"jewish"
"423",1098,"<U+05DE><U+05E8><U+05DB><U+05D6> <U+05E9><U+05E4><U+05D9><U+05E8><U+05D0>",2013,32,3,0,3,1,0,1,"MERKAZ SHAPPIRA",2156,"jewish"
"424",520,"<U+05DE><U+05E9><U+05D4><U+05D3>",2011,36,3,3,16,1,0,1,"MESHHED",8559,"arab"
"425",520,"<U+05DE><U+05E9><U+05D4><U+05D3>",2012,28,1,5,23,1,0,10,"MESHHED",8559,"arab"
"426",520,"<U+05DE><U+05E9><U+05D4><U+05D3>",2013,29,3,11,30,2,0,6,"MESHHED",8559,"arab"
"427",1315,"<U+05DE><U+05EA><U+05DF>",2011,13,1,3,2,1,0,2,"MATTAN",3566,NA
"428",1315,"<U+05DE><U+05EA><U+05DF>",2012,19,1,0,4,1,0,2,"MATTAN",3566,NA
"429",1315,"<U+05DE><U+05EA><U+05DF>",2013,33,0,1,2,0,0,2,"MATTAN",3566,NA
"430",9100,"<U+05E0><U+05D4><U+05E8><U+05D9><U+05D4>",2011,1072,45,468,353,34,11,144,"NAHARIYYA",65254,"jewish"
"431",9100,"<U+05E0><U+05D4><U+05E8><U+05D9><U+05D4>",2012,878,37,254,355,32,25,172,"NAHARIYYA",65254,"jewish"
"432",9100,"<U+05E0><U+05D4><U+05E8><U+05D9><U+05D4>",2013,916,24,220,321,27,16,184,"NAHARIYYA",65254,"jewish"
"433",1333,"<U+05E0><U+05D5><U+05E3> <U+05D0><U+05D9><U+05DC><U+05D5><U+05DF>",2011,2,0,1,1,0,0,1,NA,2557,NA
"434",1333,"<U+05E0><U+05D5><U+05E3> <U+05D0><U+05D9><U+05DC><U+05D5><U+05DF>",2012,10,2,0,2,0,0,1,NA,2557,NA
"435",1333,"<U+05E0><U+05D5><U+05E3> <U+05D0><U+05D9><U+05DC><U+05D5><U+05DF>",2013,7,0,0,1,0,0,0,NA,2557,NA
"436",1284,"<U+05E0><U+05D5><U+05E4><U+05D9><U+05EA>",2011,38,1,0,8,1,0,5,"NOFIT",2822,NA
"437",1284,"<U+05E0><U+05D5><U+05E4><U+05D9><U+05EA>",2012,42,2,0,6,0,0,9,"NOFIT",2822,NA
"438",1284,"<U+05E0><U+05D5><U+05E4><U+05D9><U+05EA>",2013,41,4,0,1,0,0,1,"NOFIT",2822,NA
"439",522,"<U+05E0><U+05D7><U+05E3>",2011,35,1,27,53,2,0,14,"NAHEF",13142,"arab"
"440",522,"<U+05E0><U+05D7><U+05E3>",2012,40,1,24,38,3,0,11,"NAHEF",13142,"arab"
"441",522,"<U+05E0><U+05D7><U+05E3>",2013,44,0,20,50,1,2,19,"NAHEF",13142,"arab"
"442",7200,"<U+05E0><U+05E1> <U+05E6><U+05D9><U+05D5><U+05E0><U+05D4>",2011,616,73,35,119,10,6,96,"NES ZIYYONA",48583,NA
"443",7200,"<U+05E0><U+05E1> <U+05E6><U+05D9><U+05D5><U+05E0><U+05D4>",2012,574,85,40,121,13,10,118,"NES ZIYYONA",48583,NA
"444",7200,"<U+05E0><U+05E1> <U+05E6><U+05D9><U+05D5><U+05E0><U+05D4>",2013,606,97,49,126,20,12,105,"NES ZIYYONA",48583,NA
"445",7300,"<U+05E0><U+05E6><U+05E8><U+05EA>",2011,929,81,249,409,20,30,110,"NAZARETH",81510,"arab"
"446",7300,"<U+05E0><U+05E6><U+05E8><U+05EA>",2012,956,75,346,509,14,26,99,"NAZARETH",81510,"arab"
"447",7300,"<U+05E0><U+05E6><U+05E8><U+05EA>",2013,944,100,420,456,20,22,146,"NAZARETH",81510,"arab"
"448",1061,"<U+05E0><U+05E6><U+05E8><U+05EA> <U+05E2><U+05DC><U+05D9><U+05EA>",2011,882,83,392,339,46,23,97,"NAZERAT ILLIT",50273,NA
"449",1061,"<U+05E0><U+05E6><U+05E8><U+05EA> <U+05E2><U+05DC><U+05D9><U+05EA>",2012,823,58,390,384,53,31,135,"NAZERAT ILLIT",50273,NA
"450",1061,"<U+05E0><U+05E6><U+05E8><U+05EA> <U+05E2><U+05DC><U+05D9><U+05EA>",2013,947,68,459,353,46,22,165,"NAZERAT ILLIT",50273,NA
"451",2500,"<U+05E0><U+05E9><U+05E8>",2011,583,64,118,115,10,4,96,"NESHER",24808,"jewish"
"452",2500,"<U+05E0><U+05E9><U+05E8>",2012,587,52,80,115,11,8,60,"NESHER",24808,"jewish"
"453",2500,"<U+05E0><U+05E9><U+05E8>",2013,450,66,55,92,8,6,65,"NESHER",24808,"jewish"
"454",246,"<U+05E0><U+05EA><U+05D9><U+05D1><U+05D5><U+05EA>",2011,405,25,106,195,12,7,67,"NETIVOT",36612,"jewish"
"455",246,"<U+05E0><U+05EA><U+05D9><U+05D1><U+05D5><U+05EA>",2012,466,14,149,216,20,2,70,"NETIVOT",36612,"jewish"
"456",246,"<U+05E0><U+05EA><U+05D9><U+05D1><U+05D5><U+05EA>",2013,455,19,179,247,19,4,104,"NETIVOT",36612,"jewish"
"457",7400,"<U+05E0><U+05EA><U+05E0><U+05D9><U+05D4>",2011,6269,1102,274,1269,116,144,721,"NETANYA",244243,"jewish"
"458",7400,"<U+05E0><U+05EA><U+05E0><U+05D9><U+05D4>",2012,5845,963,341,1365,115,155,927,"NETANYA",244243,"jewish"
"459",7400,"<U+05E0><U+05EA><U+05E0><U+05D9><U+05D4>",2013,5968,968,504,1302,129,175,942,"NETANYA",244243,"jewish"
"460",525,"<U+05E1><U+05D0><U+05D2>'<U+05D5><U+05E8>",2011,37,0,4,12,1,2,2,"SAJUR",4204,NA
"461",525,"<U+05E1><U+05D0><U+05D2>'<U+05D5><U+05E8>",2012,29,0,6,6,1,0,5,"SAJUR",4204,NA
"462",525,"<U+05E1><U+05D0><U+05D2>'<U+05D5><U+05E8>",2013,35,1,6,9,0,1,1,"SAJUR",4204,NA
"463",587,"<U+05E1><U+05D1><U+05D9><U+05D5><U+05DF>",2011,150,9,3,5,2,0,3,"SAVYON",5147,NA
"464",587,"<U+05E1><U+05D1><U+05D9><U+05D5><U+05DF>",2012,141,4,2,9,1,0,6,"SAVYON",5147,NA
"465",587,"<U+05E1><U+05D1><U+05D9><U+05D5><U+05DF>",2013,156,31,11,5,3,0,7,"SAVYON",5147,NA
"466",526,"<U+05E1><U+05D5><U+05DC><U+05DD>",2011,8,0,3,14,0,0,9,"SULAM",2968,NA
"467",526,"<U+05E1><U+05D5><U+05DC><U+05DD>",2012,8,1,1,12,1,0,3,"SULAM",2968,NA
"468",526,"<U+05E1><U+05D5><U+05DC><U+05DD>",2013,14,0,0,19,0,0,12,"SULAM",2968,NA
"469",7500,"<U+05E1><U+05D7>'<U+05E0><U+05D9><U+05DF>",2011,193,4,115,92,5,4,23,"SAKHNIN",31901,NA
"470",7500,"<U+05E1><U+05D7>'<U+05E0><U+05D9><U+05DF>",2012,171,6,77,156,3,2,42,"SAKHNIN",31901,NA
"471",7500,"<U+05E1><U+05D7>'<U+05E0><U+05D9><U+05DF>",2013,179,4,65,168,9,1,61,"SAKHNIN",31901,NA
"472",1245,"<U+05E1><U+05DC><U+05DE><U+05D4>",2011,31,0,0,32,1,0,11,"SALLAMA",3472,NA
"473",1245,"<U+05E1><U+05DC><U+05DE><U+05D4>",2012,35,0,2,20,1,0,4,"SALLAMA",3472,NA
"474",1245,"<U+05E1><U+05DC><U+05DE><U+05D4>",2013,27,1,2,26,0,0,9,"SALLAMA",3472,NA
"475",4501,"<U+05E2><U+05D2>'<U+05E8>",2011,0,0,1,0,0,0,0,"GHAJAR",2618,NA
"476",4501,"<U+05E2><U+05D2>'<U+05E8>",2012,4,0,4,2,1,0,0,"GHAJAR",2618,NA
"477",4501,"<U+05E2><U+05D2>'<U+05E8>",2013,0,0,0,1,0,0,0,"GHAJAR",2618,NA
"478",528,"<U+05E2><U+05D6><U+05D9><U+05E8>",2011,7,1,0,7,0,0,0,"UZEIR",3176,NA
"479",528,"<U+05E2><U+05D6><U+05D9><U+05E8>",2012,14,1,0,13,0,0,2,"UZEIR",3176,NA
"480",528,"<U+05E2><U+05D6><U+05D9><U+05E8>",2013,9,0,1,1,0,0,0,"UZEIR",3176,NA
"481",530,"<U+05E2><U+05D9><U+05DC><U+05D1><U+05D5><U+05DF>",2011,30,1,5,38,1,0,10,"EILABUN",5775,"arab"
"482",530,"<U+05E2><U+05D9><U+05DC><U+05D1><U+05D5><U+05DF>",2012,40,2,1,30,1,2,8,"EILABUN",5775,"arab"
"483",530,"<U+05E2><U+05D9><U+05DC><U+05D1><U+05D5><U+05DF>",2013,27,2,2,25,1,0,10,"EILABUN",5775,"arab"
"484",511,"<U+05E2><U+05D9><U+05DC><U+05D5><U+05D8>",2011,52,1,15,42,2,0,3,"ILUT",8090,NA
"485",511,"<U+05E2><U+05D9><U+05DC><U+05D5><U+05D8>",2012,31,1,17,30,2,0,7,"ILUT",8090,NA
"486",511,"<U+05E2><U+05D9><U+05DC><U+05D5><U+05D8>",2013,33,1,7,36,1,0,7,"ILUT",8090,NA
"487",532,"<U+05E2><U+05D9><U+05DF> <U+05DE><U+05D0><U+05D4><U+05DC>",2011,39,12,2,16,0,1,4,"EIN MAHEL",13258,NA
"488",532,"<U+05E2><U+05D9><U+05DF> <U+05DE><U+05D0><U+05D4><U+05DC>",2012,35,3,6,27,5,1,3,"EIN MAHEL",13258,NA
"489",532,"<U+05E2><U+05D9><U+05DF> <U+05DE><U+05D0><U+05D4><U+05DC>",2013,42,1,3,27,5,0,6,"EIN MAHEL",13258,NA
"490",521,"<U+05E2><U+05D9><U+05DF> <U+05E0><U+05E7><U+05D5><U+05D1><U+05D0>",2011,17,5,5,10,0,0,4,"EIN NAQQUBA",3500,NA
"491",521,"<U+05E2><U+05D9><U+05DF> <U+05E0><U+05E7><U+05D5><U+05D1><U+05D0>",2012,8,2,1,13,1,0,6,"EIN NAQQUBA",3500,NA
"492",521,"<U+05E2><U+05D9><U+05DF> <U+05E0><U+05E7><U+05D5><U+05D1><U+05D0>",2013,15,0,3,7,1,0,7,"EIN NAQQUBA",3500,NA
"493",7600,"<U+05E2><U+05DB><U+05D5>",2011,1168,53,667,401,34,35,194,"AKKO",55788,"mixed"
"494",7600,"<U+05E2><U+05DB><U+05D5>",2012,1142,33,521,443,30,26,202,"AKKO",55788,"mixed"
"495",7600,"<U+05E2><U+05DB><U+05D5>",2013,1091,18,569,401,33,38,209,"AKKO",55788,"mixed"
"496",3765,"<U+05E2><U+05DC><U+05D9>",2011,16,1,3,7,5,0,3,"ELI",4084,NA
"497",3765,"<U+05E2><U+05DC><U+05D9>",2012,52,9,8,5,3,0,2,"ELI",4084,NA
"498",3765,"<U+05E2><U+05DC><U+05D9>",2013,23,3,0,9,1,0,8,"ELI",4084,NA
"499",3660,"<U+05E2><U+05DE><U+05E0><U+05D5><U+05D0><U+05DC>",2011,49,2,13,13,4,0,2,"IMMANU'EL",4032,NA
"500",3660,"<U+05E2><U+05DE><U+05E0><U+05D5><U+05D0><U+05DC>",2012,38,4,17,23,7,1,7,"IMMANU'EL",4032,NA
"501",3660,"<U+05E2><U+05DE><U+05E0><U+05D5><U+05D0><U+05DC>",2013,47,4,33,21,2,1,10,"IMMANU'EL",4032,NA
"502",666,"<U+05E2><U+05DE><U+05E8>",2011,157,21,8,16,2,1,9,"OMER",8927,"jewish"
"503",666,"<U+05E2><U+05DE><U+05E8>",2012,160,22,16,23,1,1,10,"OMER",8927,"jewish"
"504",666,"<U+05E2><U+05DE><U+05E8>",2013,167,17,7,27,3,2,9,"OMER",8927,"jewish"
"505",7700,"<U+05E2><U+05E4><U+05D5><U+05DC><U+05D4>",2011,1245,108,193,329,44,11,141,"AFULA",53229,"jewish"
"506",7700,"<U+05E2><U+05E4><U+05D5><U+05DC><U+05D4>",2012,1231,98,208,353,45,17,162,"AFULA",53229,"jewish"
"507",7700,"<U+05E2><U+05E4><U+05D5><U+05DC><U+05D4>",2013,1179,51,295,407,56,20,175,"AFULA",53229,"jewish"
"508",3617,"<U+05E2><U+05E4><U+05E8><U+05D4>",2011,12,1,4,3,0,0,1,"OFRA",3444,NA
"509",3617,"<U+05E2><U+05E4><U+05E8><U+05D4>",2012,12,5,4,5,0,0,4,"OFRA",3444,NA
"510",3617,"<U+05E2><U+05E4><U+05E8><U+05D4>",2013,15,0,10,4,0,1,0,"OFRA",3444,NA
"511",531,"<U+05E2><U+05E8><U+05D0><U+05D1><U+05D4>",2011,161,10,25,133,3,4,47,"ARRABE",25827,"arab"
"512",531,"<U+05E2><U+05E8><U+05D0><U+05D1><U+05D4>",2012,145,7,48,129,10,4,33,"ARRABE",25827,"arab"
"513",531,"<U+05E2><U+05E8><U+05D0><U+05D1><U+05D4>",2013,152,13,40,129,2,0,42,"ARRABE",25827,"arab"
"514",2560,"<U+05E2><U+05E8><U+05D3>",2011,530,29,106,207,20,4,79,"ARAD",30343,"jewish"
"515",2560,"<U+05E2><U+05E8><U+05D3>",2012,449,37,85,162,27,7,73,"ARAD",30343,"jewish"
"516",2560,"<U+05E2><U+05E8><U+05D3>",2013,513,46,82,245,24,7,109,"ARAD",30343,"jewish"
"517",637,"<U+05E2><U+05E8><U+05E2><U+05E8><U+05D4>",2011,134,9,31,91,5,4,30,"AR'ARA",19728,"arab"
"518",637,"<U+05E2><U+05E8><U+05E2><U+05E8><U+05D4>",2012,162,18,59,89,4,6,25,"AR'ARA",19728,"arab"
"519",637,"<U+05E2><U+05E8><U+05E2><U+05E8><U+05D4>",2013,175,24,28,89,1,1,37,"AR'ARA",19728,"arab"
"520",1192,"<U+05E2><U+05E8><U+05E2><U+05E8><U+05D4>-<U+05D1><U+05E0><U+05D2><U+05D1>",2011,42,1,3,40,3,0,5,"AR'ARA-BANEGEV",17133,NA
"521",1192,"<U+05E2><U+05E8><U+05E2><U+05E8><U+05D4>-<U+05D1><U+05E0><U+05D2><U+05D1>",2012,67,1,1,47,0,0,12,"AR'ARA-BANEGEV",17133,NA
"522",1192,"<U+05E2><U+05E8><U+05E2><U+05E8><U+05D4>-<U+05D1><U+05E0><U+05D2><U+05D1>",2013,80,4,2,69,5,0,16,"AR'ARA-BANEGEV",17133,NA
"523",53,"<U+05E2><U+05EA><U+05DC><U+05D9><U+05EA>",2011,141,10,104,43,2,2,10,"ATLIT",7517,"jewish"
"524",53,"<U+05E2><U+05EA><U+05DC><U+05D9><U+05EA>",2012,138,11,63,24,3,0,23,"ATLIT",7517,"jewish"
"525",53,"<U+05E2><U+05EA><U+05DC><U+05D9><U+05EA>",2013,85,5,60,32,2,1,19,"ATLIT",7517,"jewish"
"526",535,"<U+05E4><U+05E1><U+05D5><U+05D8><U+05D4>",2011,14,0,4,7,1,0,2,"FASSUTA",3448,NA
"527",535,"<U+05E4><U+05E1><U+05D5><U+05D8><U+05D4>",2012,13,0,3,10,0,0,3,"FASSUTA",3448,NA
"528",535,"<U+05E4><U+05E1><U+05D5><U+05D8><U+05D4>",2013,15,0,3,10,1,0,6,"FASSUTA",3448,NA
"529",536,"<U+05E4><U+05E7><U+05D9><U+05E2><U+05D9><U+05DF>",2011,42,0,7,15,0,0,2,"PEQI'IN (BUQEI'A)",5973,NA
"530",536,"<U+05E4><U+05E7><U+05D9><U+05E2><U+05D9><U+05DF>",2012,38,0,7,10,1,1,7,"PEQI'IN (BUQEI'A)",5973,NA
"531",536,"<U+05E4><U+05E7><U+05D9><U+05E2><U+05D9><U+05DF>",2013,30,2,4,11,2,0,2,"PEQI'IN (BUQEI'A)",5973,NA
"532",537,"<U+05E4><U+05E8><U+05D3><U+05D9><U+05E1>",2011,91,9,82,54,1,1,18,"FUREIDIS",13085,"arab"
"533",537,"<U+05E4><U+05E8><U+05D3><U+05D9><U+05E1>",2012,126,8,52,54,4,1,16,"FUREIDIS",13085,"arab"
"534",537,"<U+05E4><U+05E8><U+05D3><U+05D9><U+05E1>",2013,125,4,36,58,3,2,20,"FUREIDIS",13085,"arab"
"535",7800,"<U+05E4><U+05E8><U+05D3><U+05E1> <U+05D7><U+05E0><U+05D4>",2011,637,74,128,187,24,10,96,"PARDES HANNA-KARKUR",43026,"jewish"
"536",7800,"<U+05E4><U+05E8><U+05D3><U+05E1> <U+05D7><U+05E0><U+05D4>",2012,747,87,126,162,23,6,92,"PARDES HANNA-KARKUR",43026,"jewish"
"537",7800,"<U+05E4><U+05E8><U+05D3><U+05E1> <U+05D7><U+05E0><U+05D4>",2013,614,100,91,171,19,5,111,"PARDES HANNA-KARKUR",43026,"jewish"
"538",171,"<U+05E4><U+05E8><U+05D3><U+05E1><U+05D9><U+05D4>",2011,96,21,5,18,3,0,16,"PARDESIYYA",6595,NA
"539",171,"<U+05E4><U+05E8><U+05D3><U+05E1><U+05D9><U+05D4>",2012,98,17,9,15,3,1,19,"PARDESIYYA",6595,NA
"540",171,"<U+05E4><U+05E8><U+05D3><U+05E1><U+05D9><U+05D4>",2013,86,9,9,17,5,1,13,"PARDESIYYA",6595,NA
"541",7900,"<U+05E4><U+05EA><U+05D7> <U+05EA><U+05E7><U+05D5><U+05D4>",2011,4957,918,504,1013,110,34,646,"PETAH TIQWA",264093,NA
"542",7900,"<U+05E4><U+05EA><U+05D7> <U+05EA><U+05E7><U+05D5><U+05D4>",2012,5007,1035,399,1116,116,63,727,"PETAH TIQWA",264093,NA
"543",7900,"<U+05E4><U+05EA><U+05D7> <U+05EA><U+05E7><U+05D5><U+05D4>",2013,5289,1126,475,1007,123,65,763,"PETAH TIQWA",264093,NA
"544",1113,"<U+05E6><U+05D5><U+05E8> <U+05D4><U+05D3><U+05E1><U+05D4>",2011,104,28,5,12,0,0,7,"ZUR HADASSA",7074,NA
"545",1113,"<U+05E6><U+05D5><U+05E8> <U+05D4><U+05D3><U+05E1><U+05D4>",2012,93,30,1,13,3,0,12,"ZUR HADASSA",7074,NA
"546",1113,"<U+05E6><U+05D5><U+05E8> <U+05D4><U+05D3><U+05E1><U+05D4>",2013,68,14,6,17,4,2,12,"ZUR HADASSA",7074,NA
"547",276,"<U+05E6><U+05D5><U+05E8> <U+05DE><U+05E9><U+05D4>",2011,35,8,2,4,1,0,3,"ZUR MOSHE",2936,NA
"548",276,"<U+05E6><U+05D5><U+05E8> <U+05DE><U+05E9><U+05D4>",2012,71,15,5,8,1,0,10,"ZUR MOSHE",2936,NA
"549",276,"<U+05E6><U+05D5><U+05E8> <U+05DE><U+05E9><U+05D4>",2013,52,7,3,7,2,0,6,"ZUR MOSHE",2936,NA
"550",8000,"<U+05E6><U+05E4><U+05EA>",2011,543,20,221,233,28,0,118,"ZEFAT",38125,"jewish"
"551",8000,"<U+05E6><U+05E4><U+05EA>",2012,532,13,173,290,43,2,157,"ZEFAT",38125,"jewish"
"552",8000,"<U+05E6><U+05E4><U+05EA>",2013,527,9,141,254,38,4,140,"ZEFAT",38125,"jewish"
"553",3557,"<U+05E7><U+05D3><U+05D5><U+05DE><U+05D9><U+05DD>",2011,25,5,4,9,0,0,2,"QEDUMIM",4779,"jewish"
"554",3557,"<U+05E7><U+05D3><U+05D5><U+05DE><U+05D9><U+05DD>",2012,25,2,5,8,2,2,3,"QEDUMIM",4779,"jewish"
"555",3557,"<U+05E7><U+05D3><U+05D5><U+05DE><U+05D9><U+05DD>",2013,17,1,6,9,3,1,5,"QEDUMIM",4779,"jewish"
"556",195,"<U+05E7><U+05D3><U+05D9><U+05DE><U+05D4> <U+05E6><U+05D5><U+05E8><U+05DF>",2011,490,89,14,52,5,0,53,"QADIMA-ZORAN",22349,NA
"557",195,"<U+05E7><U+05D3><U+05D9><U+05DE><U+05D4> <U+05E6><U+05D5><U+05E8><U+05DF>",2012,349,57,14,46,7,4,37,"QADIMA-ZORAN",22349,NA
"558",195,"<U+05E7><U+05D3><U+05D9><U+05DE><U+05D4> <U+05E6><U+05D5><U+05E8><U+05DF>",2013,293,40,39,63,12,2,44,"QADIMA-ZORAN",22349,NA
"559",1167,"<U+05E7><U+05D9><U+05E1><U+05E8><U+05D9><U+05D4>",2011,229,15,40,23,3,1,20,"QESARIYYA",6204,NA
"560",1167,"<U+05E7><U+05D9><U+05E1><U+05E8><U+05D9><U+05D4>",2012,338,15,49,27,3,2,12,"QESARIYYA",6204,NA
"561",1167,"<U+05E7><U+05D9><U+05E1><U+05E8><U+05D9><U+05D4>",2013,255,18,38,29,4,1,15,"QESARIYYA",6204,NA
"562",638,"<U+05E7><U+05DC><U+05E0><U+05E1><U+05D5><U+05D4>",2011,157,29,68,95,8,4,41,"QALANSAWE",22794,"arab"
"563",638,"<U+05E7><U+05DC><U+05E0><U+05E1><U+05D5><U+05D4>",2012,192,43,59,111,3,6,52,"QALANSAWE",22794,"arab"
"564",638,"<U+05E7><U+05DC><U+05E0><U+05E1><U+05D5><U+05D4>",2013,202,50,34,111,3,2,53,"QALANSAWE",22794,"arab"
"565",4100,"<U+05E7><U+05E6><U+05E8><U+05D9><U+05DF>",2011,117,1,51,41,3,1,25,"QAZRIN",8231,"jewish"
"566",4100,"<U+05E7><U+05E6><U+05E8><U+05D9><U+05DF>",2012,109,2,37,48,5,0,20,"QAZRIN",8231,"jewish"
"567",4100,"<U+05E7><U+05E6><U+05E8><U+05D9><U+05DF>",2013,92,3,30,42,4,0,21,"QAZRIN",8231,"jewish"
"568",9500,"<U+05E7><U+05E8> <U+05D1><U+05D9><U+05D0><U+05DC><U+05D9><U+05E7>",2011,1248,112,172,258,33,25,149,"QIRYAT BIALIK",44261,NA
"569",9500,"<U+05E7><U+05E8> <U+05D1><U+05D9><U+05D0><U+05DC><U+05D9><U+05E7>",2012,1180,74,128,220,31,24,147,"QIRYAT BIALIK",44261,NA
"570",9500,"<U+05E7><U+05E8> <U+05D1><U+05D9><U+05D0><U+05DC><U+05D9><U+05E7>",2013,997,40,129,277,22,20,197,"QIRYAT BIALIK",44261,NA
"571",8200,"<U+05E7><U+05E8> <U+05DE><U+05D5><U+05E6><U+05E7><U+05D9><U+05DF>",2011,884,56,180,211,27,18,164,"QIRYAT MOTZKIN",47497,NA
"572",8200,"<U+05E7><U+05E8> <U+05DE><U+05D5><U+05E6><U+05E7><U+05D9><U+05DF>",2012,809,63,117,192,34,19,159,"QIRYAT MOTZKIN",47497,NA
"573",8200,"<U+05E7><U+05E8> <U+05DE><U+05D5><U+05E6><U+05E7><U+05D9><U+05DF>",2013,657,24,144,185,22,15,147,"QIRYAT MOTZKIN",47497,NA
"574",2620,"<U+05E7><U+05E8><U+05D9><U+05EA> <U+05D0><U+05D5><U+05E0><U+05D5>",2011,479,107,42,75,12,3,63,"QIRYAT ONO",40890,NA
"575",2620,"<U+05E7><U+05E8><U+05D9><U+05EA> <U+05D0><U+05D5><U+05E0><U+05D5>",2012,519,116,44,112,8,5,71,"QIRYAT ONO",40890,NA
"576",2620,"<U+05E7><U+05E8><U+05D9><U+05EA> <U+05D0><U+05D5><U+05E0><U+05D5>",2013,573,78,49,92,13,3,73,"QIRYAT ONO",40890,NA
"577",3611,"<U+05E7><U+05E8><U+05D9><U+05EA> <U+05D0><U+05E8><U+05D1><U+05E2>",2011,89,4,21,50,7,1,27,"QIRYAT ARBA",8003,NA
"578",3611,"<U+05E7><U+05E8><U+05D9><U+05EA> <U+05D0><U+05E8><U+05D1><U+05E2>",2012,62,5,22,34,7,0,20,"QIRYAT ARBA",8003,NA
"579",3611,"<U+05E7><U+05E8><U+05D9><U+05EA> <U+05D0><U+05E8><U+05D1><U+05E2>",2013,58,4,26,28,7,0,15,"QIRYAT ARBA",8003,NA
"580",6800,"<U+05E7><U+05E8><U+05D9><U+05EA> <U+05D0><U+05EA><U+05D0>",2011,1432,134,337,331,39,27,214,"QIRYAT ATTA",62573,"jewish"
"581",6800,"<U+05E7><U+05E8><U+05D9><U+05EA> <U+05D0><U+05EA><U+05D0>",2012,1278,89,260,304,26,23,202,"QIRYAT ATTA",62573,"jewish"
"582",6800,"<U+05E7><U+05E8><U+05D9><U+05EA> <U+05D0><U+05EA><U+05D0>",2013,1094,50,302,356,33,16,211,"QIRYAT ATTA",62573,"jewish"
"583",2630,"<U+05E7><U+05E8><U+05D9><U+05EA> <U+05D2><U+05EA>",2011,978,120,143,319,45,14,182,"QIRYAT GAT",59050,"jewish"
"584",2630,"<U+05E7><U+05E8><U+05D9><U+05EA> <U+05D2><U+05EA>",2012,993,121,134,336,40,14,180,"QIRYAT GAT",59050,"jewish"
"585",2630,"<U+05E7><U+05E8><U+05D9><U+05EA> <U+05D2><U+05EA>",2013,807,90,146,365,51,15,229,"QIRYAT GAT",59050,"jewish"
"586",2300,"<U+05E7><U+05E8><U+05D9><U+05EA> <U+05D8><U+05D1><U+05E2><U+05D5><U+05DF>",2011,424,55,30,64,16,5,34,"QIRYAT TIV'ON",18034,NA
"587",2300,"<U+05E7><U+05E8><U+05D9><U+05EA> <U+05D8><U+05D1><U+05E2><U+05D5><U+05DF>",2012,302,45,33,52,12,4,27,"QIRYAT TIV'ON",18034,NA
"588",2300,"<U+05E7><U+05E8><U+05D9><U+05EA> <U+05D8><U+05D1><U+05E2><U+05D5><U+05DF>",2013,331,22,23,50,7,6,23,"QIRYAT TIV'ON",18034,NA
"589",9600,"<U+05E7><U+05E8><U+05D9><U+05EA> <U+05D9><U+05DD>",2011,889,62,231,231,27,19,157,"QIRYAT YAM",45669,"jewish"
"590",9600,"<U+05E7><U+05E8><U+05D9><U+05EA> <U+05D9><U+05DD>",2012,826,61,269,261,21,23,171,"QIRYAT YAM",45669,"jewish"
"591",9600,"<U+05E7><U+05E8><U+05D9><U+05EA> <U+05D9><U+05DD>",2013,766,30,314,254,22,23,183,"QIRYAT YAM",45669,"jewish"
"592",1137,"<U+05E7><U+05E8><U+05D9><U+05EA> <U+05D9><U+05E2><U+05E8><U+05D9><U+05DD>",2011,20,0,6,10,3,0,2,"QIRYAT YE'ARIM",5760,NA
"593",1137,"<U+05E7><U+05E8><U+05D9><U+05EA> <U+05D9><U+05E2><U+05E8><U+05D9><U+05DD>",2012,14,0,2,6,1,0,4,"QIRYAT YE'ARIM",5760,NA
"594",1137,"<U+05E7><U+05E8><U+05D9><U+05EA> <U+05D9><U+05E2><U+05E8><U+05D9><U+05DD>",2013,12,1,5,4,1,0,3,"QIRYAT YE'ARIM",5760,NA
"595",1034,"<U+05E7><U+05E8><U+05D9><U+05EA> <U+05DE><U+05DC><U+05D0><U+05DB><U+05D9>",2011,518,65,33,180,20,11,100,"QIRYAT MAL'AKHI",24608,"jewish"
"596",1034,"<U+05E7><U+05E8><U+05D9><U+05EA> <U+05DE><U+05DC><U+05D0><U+05DB><U+05D9>",2012,473,65,60,194,30,5,126,"QIRYAT MAL'AKHI",24608,"jewish"
"597",1034,"<U+05E7><U+05E8><U+05D9><U+05EA> <U+05DE><U+05DC><U+05D0><U+05DB><U+05D9>",2013,518,60,56,210,28,11,110,"QIRYAT MAL'AKHI",24608,"jewish"
"598",469,"<U+05E7><U+05E8><U+05D9><U+05EA> <U+05E2><U+05E7><U+05E8><U+05D5><U+05DF>",2011,358,65,14,49,6,5,32,"QIRYAT EQRON",11223,"jewish"
"599",469,"<U+05E7><U+05E8><U+05D9><U+05EA> <U+05E2><U+05E7><U+05E8><U+05D5><U+05DF>",2012,331,57,28,63,9,3,34,"QIRYAT EQRON",11223,"jewish"
"600",469,"<U+05E7><U+05E8><U+05D9><U+05EA> <U+05E2><U+05E7><U+05E8><U+05D5><U+05DF>",2013,324,50,31,50,8,5,34,"QIRYAT EQRON",11223,"jewish"
"601",2800,"<U+05E7><U+05E8><U+05D9><U+05EA> <U+05E9><U+05DE><U+05D5><U+05E0><U+05D4>",2011,353,7,112,116,16,3,60,"QIRYAT SHEMONA",24513,"jewish"
"602",2800,"<U+05E7><U+05E8><U+05D9><U+05EA> <U+05E9><U+05DE><U+05D5><U+05E0><U+05D4>",2012,341,6,140,147,19,2,89,"QIRYAT SHEMONA",24513,"jewish"
"603",2800,"<U+05E7><U+05E8><U+05D9><U+05EA> <U+05E9><U+05DE><U+05D5><U+05E0><U+05D4>",2013,364,11,97,148,23,0,80,"QIRYAT SHEMONA",24513,"jewish"
"604",3640,"<U+05E7><U+05E8><U+05E0><U+05D9><U+05E9><U+05D5><U+05DE><U+05E8><U+05D5><U+05DF>",2011,93,15,5,18,4,1,9,"QARNE SHOMERON",8073,NA
"605",3640,"<U+05E7><U+05E8><U+05E0><U+05D9><U+05E9><U+05D5><U+05DE><U+05E8><U+05D5><U+05DF>",2012,92,15,7,25,6,0,19,"QARNE SHOMERON",8073,NA
"606",3640,"<U+05E7><U+05E8><U+05E0><U+05D9><U+05E9><U+05D5><U+05DE><U+05E8><U+05D5><U+05DF>",2013,74,9,14,32,2,1,17,"QARNE SHOMERON",8073,NA
"607",543,"<U+05E8><U+05D0><U+05DE><U+05D4>",2011,53,6,24,33,2,1,6,"RAME",8609,"arab"
"608",543,"<U+05E8><U+05D0><U+05DE><U+05D4>",2012,59,1,17,28,1,4,4,"RAME",8609,"arab"
"609",543,"<U+05E8><U+05D0><U+05DE><U+05D4>",2013,48,3,42,36,1,1,11,"RAME",8609,"arab"
"610",2640,"<U+05E8><U+05D0><U+05E9> <U+05D4><U+05E2><U+05D9><U+05DF>",2011,549,65,77,178,29,3,122,"ROSH HAAYIN",52940,NA
"611",2640,"<U+05E8><U+05D0><U+05E9> <U+05D4><U+05E2><U+05D9><U+05DF>",2012,636,99,82,190,26,5,110,"ROSH HAAYIN",52940,NA
"612",2640,"<U+05E8><U+05D0><U+05E9> <U+05D4><U+05E2><U+05D9><U+05DF>",2013,802,130,63,189,17,8,108,"ROSH HAAYIN",52940,NA
"613",26,"<U+05E8><U+05D0><U+05E9> <U+05E4><U+05E0><U+05D4>",2011,114,11,45,26,9,0,5,"ROSH PINNA",3267,NA
"614",26,"<U+05E8><U+05D0><U+05E9> <U+05E4><U+05E0><U+05D4>",2012,82,2,25,12,2,0,8,"ROSH PINNA",3267,NA
"615",26,"<U+05E8><U+05D0><U+05E9> <U+05E4><U+05E0><U+05D4>",2013,74,1,31,21,2,0,3,"ROSH PINNA",3267,NA
"616",8300,"<U+05E8><U+05D0><U+05E9><U+05DC>""<U+05E6>",2011,5732,921,452,1112,115,72,688,"RISHON LEZIYYON",267116,"jewish"
"617",8300,"<U+05E8><U+05D0><U+05E9><U+05DC>""<U+05E6>",2012,4938,741,548,1042,132,73,734,"RISHON LEZIYYON",267116,"jewish"
"618",8300,"<U+05E8><U+05D0><U+05E9><U+05DC>""<U+05E6>",2013,4980,682,512,1068,127,73,732,"RISHON LEZIYYON",267116,"jewish"
"619",1161,"<U+05E8><U+05D4><U+05D8>",2011,376,25,72,209,8,6,31,"RAHAT",63371,"arab"
"620",1161,"<U+05E8><U+05D4><U+05D8>",2012,348,17,47,291,16,6,53,"RAHAT",63371,"arab"
"621",1161,"<U+05E8><U+05D4><U+05D8>",2013,356,12,83,324,10,11,63,"RAHAT",63371,"arab"
"622",8400,"<U+05E8><U+05D7><U+05D5><U+05D1><U+05D5><U+05EA>",2011,2502,285,318,457,51,41,299,"REHOVOT",149439,"jewish"
"623",8400,"<U+05E8><U+05D7><U+05D5><U+05D1><U+05D5><U+05EA>",2012,2234,282,347,442,84,36,242,"REHOVOT",149439,"jewish"
"624",8400,"<U+05E8><U+05D7><U+05D5><U+05D1><U+05D5><U+05EA>",2013,2128,279,405,502,79,31,336,"REHOVOT",149439,"jewish"
"625",542,"<U+05E8><U+05D9><U+05E0><U+05D4>",2011,83,4,6,64,0,2,12,"REINE",16677,NA
"626",542,"<U+05E8><U+05D9><U+05E0><U+05D4>",2012,68,5,12,59,4,1,14,"REINE",16677,NA
"627",542,"<U+05E8><U+05D9><U+05E0><U+05D4>",2013,67,6,19,70,4,0,28,"REINE",16677,NA
"628",922,"<U+05E8><U+05DB><U+05E1><U+05D9><U+05DD>",2011,104,7,7,35,7,2,30,"REKHASIM",11912,NA
"629",922,"<U+05E8><U+05DB><U+05E1><U+05D9><U+05DD>",2012,105,7,19,38,5,1,17,"REKHASIM",11912,NA
"630",922,"<U+05E8><U+05DB><U+05E1><U+05D9><U+05DD>",2013,77,2,13,34,9,0,16,"REKHASIM",11912,NA
"631",8500,"<U+05E8><U+05DE><U+05DC><U+05D4>",2011,2154,251,509,595,58,51,307,"RAMLA",80561,"mixed"
"632",8500,"<U+05E8><U+05DE><U+05DC><U+05D4>",2012,2317,346,404,541,52,101,257,"RAMLA",80561,"mixed"
"633",8500,"<U+05E8><U+05DE><U+05DC><U+05D4>",2013,1874,290,369,671,64,54,328,"RAMLA",80561,"mixed"
"634",8600,"<U+05E8><U+05DE><U+05EA> <U+05D2><U+05DF>",2011,3327,466,392,558,85,32,334,"RAMAT GAN",164043,"jewish"
"635",8600,"<U+05E8><U+05DE><U+05EA> <U+05D2><U+05DF>",2012,3266,508,334,603,66,37,385,"RAMAT GAN",164043,"jewish"
"636",8600,"<U+05E8><U+05DE><U+05EA> <U+05D2><U+05DF>",2013,3256,447,409,549,85,38,313,"RAMAT GAN",164043,"jewish"
"637",2650,"<U+05E8><U+05DE><U+05EA> <U+05D4><U+05E9><U+05E8><U+05D5><U+05DF>",2011,808,104,61,116,18,3,58,"RAMAT HASHARON",50541,"jewish"
"638",2650,"<U+05E8><U+05DE><U+05EA> <U+05D4><U+05E9><U+05E8><U+05D5><U+05DF>",2012,920,116,154,121,16,3,82,"RAMAT HASHARON",50541,"jewish"
"639",2650,"<U+05E8><U+05DE><U+05EA> <U+05D4><U+05E9><U+05E8><U+05D5><U+05DF>",2013,769,43,153,104,13,5,72,"RAMAT HASHARON",50541,"jewish"
"640",122,"<U+05E8><U+05DE><U+05EA> <U+05D9><U+05E9><U+05D9>",2011,184,17,9,33,8,3,19,"RAMAT YISHAY",7877,NA
"641",122,"<U+05E8><U+05DE><U+05EA> <U+05D9><U+05E9><U+05D9>",2012,162,17,10,30,3,2,21,"RAMAT YISHAY",7877,NA
"642",122,"<U+05E8><U+05DE><U+05EA> <U+05D9><U+05E9><U+05D9>",2013,103,10,15,23,2,2,17,"RAMAT YISHAY",7877,NA
"643",8700,"<U+05E8><U+05E2><U+05E0><U+05E0><U+05D4>",2011,1354,190,66,245,25,7,153,"RA'ANANA",87131,NA
"644",8700,"<U+05E8><U+05E2><U+05E0><U+05E0><U+05D4>",2012,1620,196,74,206,21,6,132,"RA'ANANA",87131,NA
"645",8700,"<U+05E8><U+05E2><U+05E0><U+05E0><U+05D4>",2013,1315,140,69,212,31,6,107,"RA'ANANA",87131,NA
"646",913,"<U+05E9><U+05D1><U+05DC><U+05D9>-<U+05D0> <U+05D2><U+05E0><U+05DD>",2011,48,2,4,45,1,0,4,"SHIBLI",6452,NA
"647",913,"<U+05E9><U+05D1><U+05DC><U+05D9>-<U+05D0> <U+05D2><U+05E0><U+05DD>",2012,55,3,8,62,0,6,14,"SHIBLI",6452,NA
"648",913,"<U+05E9><U+05D1><U+05DC><U+05D9>-<U+05D0> <U+05D2><U+05E0><U+05DD>",2013,49,3,14,37,3,0,17,"SHIBLI",6452,NA
"649",1286,"<U+05E9><U+05D2><U+05D1>-<U+05E9><U+05DC><U+05D5><U+05DD>",2011,76,1,34,29,1,2,17,"SEGEV-SHALOM",10091,NA
"650",1286,"<U+05E9><U+05D2><U+05D1>-<U+05E9><U+05DC><U+05D5><U+05DD>",2012,70,4,21,44,2,1,10,"SEGEV-SHALOM",10091,NA
"651",1286,"<U+05E9><U+05D2><U+05D1>-<U+05E9><U+05DC><U+05D5><U+05DD>",2013,89,10,29,64,4,3,22,"SEGEV-SHALOM",10091,NA
"652",1031,"<U+05E9><U+05D3><U+05E8><U+05D5><U+05EA>",2011,459,39,135,198,18,2,124,"SEDEROT",27080,"jewish"
"653",1031,"<U+05E9><U+05D3><U+05E8><U+05D5><U+05EA>",2012,411,23,156,175,15,7,101,"SEDEROT",27080,"jewish"
"654",1031,"<U+05E9><U+05D3><U+05E8><U+05D5><U+05EA>",2013,373,30,166,177,25,7,118,"SEDEROT",27080,"jewish"
"655",1304,"<U+05E9><U+05D5><U+05D4><U+05DD>",2011,279,89,5,24,2,1,24,"SHOHAM",21723,NA
"656",1304,"<U+05E9><U+05D5><U+05D4><U+05DD>",2012,246,40,9,27,5,1,25,"SHOHAM",21723,NA
"657",1304,"<U+05E9><U+05D5><U+05D4><U+05DD>",2013,204,14,38,29,4,2,18,"SHOHAM",21723,NA
"658",658,"<U+05E9><U+05D9><U+05D7>  <U+05D3><U+05E0><U+05D5><U+05DF>",2011,22,0,3,12,1,0,3,"SHEIKH DANNUN",2860,NA
"659",658,"<U+05E9><U+05D9><U+05D7>  <U+05D3><U+05E0><U+05D5><U+05DF>",2012,28,0,1,17,1,1,4,"SHEIKH DANNUN",2860,NA
"660",658,"<U+05E9><U+05D9><U+05D7>  <U+05D3><U+05E0><U+05D5><U+05DF>",2013,25,0,7,12,0,0,4,"SHEIKH DANNUN",2860,NA
"661",3641,"<U+05E9><U+05D9><U+05DC><U+05D4>",2011,21,8,10,11,3,0,1,"SHILO",4148,"jewish"
"662",3641,"<U+05E9><U+05D9><U+05DC><U+05D4>",2012,16,4,5,4,0,0,2,"SHILO",4148,"jewish"
"663",3641,"<U+05E9><U+05D9><U+05DC><U+05D4>",2013,23,1,6,6,0,0,0,"SHILO",4148,"jewish"
"664",1337,"<U+05E9><U+05D9><U+05DE><U+05E9><U+05D9><U+05EA>",2011,27,3,2,1,0,0,0,NA,2690,NA
"665",1337,"<U+05E9><U+05D9><U+05DE><U+05E9><U+05D9><U+05EA>",2012,37,1,0,2,0,0,3,NA,2690,NA
"666",1337,"<U+05E9><U+05D9><U+05DE><U+05E9><U+05D9><U+05EA>",2013,10,0,3,3,0,0,1,NA,2690,NA
"667",812,"<U+05E9><U+05DC><U+05D5><U+05DE><U+05D9>",2011,92,3,38,42,3,0,26,"SHELOMI",6909,"jewish"
"668",812,"<U+05E9><U+05DC><U+05D5><U+05DE><U+05D9>",2012,63,3,3,35,3,1,30,"SHELOMI",6909,"jewish"
"669",812,"<U+05E9><U+05DC><U+05D5><U+05DE><U+05D9>",2013,62,0,16,33,2,0,27,"SHELOMI",6909,"jewish"
"670",538,"<U+05E9><U+05E2><U+05D1>",2011,40,3,34,22,3,0,5,"SHA'AB",7132,NA
"671",538,"<U+05E9><U+05E2><U+05D1>",2012,58,0,32,42,1,0,15,"SHA'AB",7132,NA
"672",538,"<U+05E9><U+05E2><U+05D1>",2013,58,0,23,36,3,1,16,"SHA'AB",7132,NA
"673",3720,"<U+05E9><U+05E2><U+05E8><U+05D9> <U+05EA><U+05E7><U+05D5><U+05D4>",2011,27,2,3,5,1,0,4,"SHA'ARE TIQWA",5902,NA
"674",3720,"<U+05E9><U+05E2><U+05E8><U+05D9> <U+05EA><U+05E7><U+05D5><U+05D4>",2012,54,3,3,14,2,0,9,"SHA'ARE TIQWA",5902,NA
"675",3720,"<U+05E9><U+05E2><U+05E8><U+05D9> <U+05EA><U+05E7><U+05D5><U+05D4>",2013,49,8,16,13,1,0,5,"SHA'ARE TIQWA",5902,NA
"676",8800,"<U+05E9><U+05E4><U+05E8><U+05E2><U+05DD>",2011,434,60,128,228,6,4,54,"SHEFAR'AM",41089,"arab"
"677",8800,"<U+05E9><U+05E4><U+05E8><U+05E2><U+05DD>",2012,412,46,98,213,13,6,74,"SHEFAR'AM",41089,"arab"
"678",8800,"<U+05E9><U+05E4><U+05E8><U+05E2><U+05DD>",2013,381,18,107,210,17,5,62,"SHEFAR'AM",41089,"arab"
"679",5000,"<U+05EA>""<U+05D0> -<U+05D9><U+05E4><U+05D5>",2011,21388,2436,3268,3418,392,588,1517,"TEL AVIV - YAFO",533986,NA
"680",5000,"<U+05EA>""<U+05D0> -<U+05D9><U+05E4><U+05D5>",2012,21870,2548,2578,3510,435,882,1490,"TEL AVIV - YAFO",533986,NA
"681",5000,"<U+05EA>""<U+05D0> -<U+05D9><U+05E4><U+05D5>",2013,20746,2039,2830,3580,411,807,1540,"TEL AVIV - YAFO",533986,NA
"682",154,"<U+05EA><U+05DC> <U+05DE><U+05D5><U+05E0><U+05D3>",2011,289,43,76,75,6,3,34,"TEL MOND",13587,NA
"683",154,"<U+05EA><U+05DC> <U+05DE><U+05D5><U+05E0><U+05D3>",2012,160,18,146,54,7,0,32,"TEL MOND",13587,NA
"684",154,"<U+05EA><U+05DC> <U+05DE><U+05D5><U+05E0><U+05D3>",2013,203,17,138,81,15,0,29,"TEL MOND",13587,NA
"685",1054,"<U+05EA><U+05DC> <U+05E9><U+05D1><U+05E2>",2011,149,13,34,78,4,1,14,"TEL SHEVA",19675,"arab"
"686",1054,"<U+05EA><U+05DC> <U+05E9><U+05D1><U+05E2>",2012,124,4,52,97,2,1,22,"TEL SHEVA",19675,"arab"
"687",1054,"<U+05EA><U+05DC> <U+05E9><U+05D1><U+05E2>",2013,175,4,67,113,6,4,34,"TEL SHEVA",19675,"arab"
"688",709,"<U+05EA><U+05E4><U+05E8><U+05D7>",2011,30,2,0,1,1,0,0,"TIFRAH",2239,NA
"689",709,"<U+05EA><U+05E4><U+05E8><U+05D7>",2012,24,6,1,4,2,0,1,"TIFRAH",2239,NA
"690",709,"<U+05EA><U+05E4><U+05E8><U+05D7>",2013,15,0,6,3,0,0,0,"TIFRAH",2239,NA
